-- phpMyAdmin SQL Dump
-- version 5.1.1
-- https://www.phpmyadmin.net/
--
-- Máy chủ: 127.0.0.1
-- Thời gian đã tạo: Th4 02, 2022 lúc 08:27 PM
-- Phiên bản máy phục vụ: 10.4.22-MariaDB
-- Phiên bản PHP: 8.0.15

SET SQL_MODE = "NO_AUTO_VALUE_ON_ZERO";
START TRANSACTION;
SET time_zone = "+00:00";


/*!40101 SET @OLD_CHARACTER_SET_CLIENT=@@CHARACTER_SET_CLIENT */;
/*!40101 SET @OLD_CHARACTER_SET_RESULTS=@@CHARACTER_SET_RESULTS */;
/*!40101 SET @OLD_COLLATION_CONNECTION=@@COLLATION_CONNECTION */;
/*!40101 SET NAMES utf8mb4 */;

--
-- Cơ sở dữ liệu: `webtruyentranh`
--
CREATE DATABASE IF NOT EXISTS `webtruyentranh` DEFAULT CHARACTER SET utf8mb4 COLLATE utf8mb4_general_ci;
USE `webtruyentranh`;

-- --------------------------------------------------------

--
-- Cấu trúc bảng cho bảng `author`
--

CREATE TABLE `author` (
  `IDauthor` int(11) NOT NULL,
  `author` varchar(50) NOT NULL,
  `created` datetime DEFAULT NULL,
  `updated` datetime DEFAULT NULL
) ENGINE=InnoDB DEFAULT CHARSET=utf8mb4;

--
-- Đang đổ dữ liệu cho bảng `author`
--

INSERT INTO `author` (`IDauthor`, `author`, `created`, `updated`) VALUES
(1, 'RyuuOh Takehiro', NULL, NULL),
(2, 'Professor Duy', NULL, NULL),
(3, 'Brother Luan', NULL, NULL),
(4, 'CMD Thuan', NULL, NULL),
(5, 'zero OOO', NULL, NULL),
(6, 'Go555', NULL, NULL);

-- --------------------------------------------------------

--
-- Cấu trúc bảng cho bảng `catergory`
--

CREATE TABLE `catergory` (
  `IDcatergory` int(11) NOT NULL,
  `catergory` varchar(50) NOT NULL,
  `description` varchar(255) DEFAULT NULL,
  `created_at` datetime DEFAULT NULL,
  `update_at` datetime DEFAULT NULL
) ENGINE=InnoDB DEFAULT CHARSET=utf8mb4;

--
-- Đang đổ dữ liệu cho bảng `catergory`
--

INSERT INTO `catergory` (`IDcatergory`, `catergory`, `description`, `created_at`, `update_at`) VALUES
(1, 'Adult', 'Thể loại đề cập vấn đề về giới tính nhạy cảm dành cho lứa tuổi trên 17 tuổi', '2022-03-08 22:29:16', '2022-03-23 22:32:41'),
(2, 'Adventure', 'Thể loại phiêu lưu, mạo hiểm thường kể về hành trình của các nhân vật chính', NULL, NULL),
(3, 'Anime', 'Các thể loại truyện đã được chuyển đổi thành phim hoạt hình', NULL, NULL),
(4, 'Comedy', 'Thể loại có nội dung trong sáng và cảm động, thường có các * Comic: Thể loại truyện tranh Châu Âu và Châu Mỹ, thể loại này có sức ảnh hưởng rất lớn trên thế giới có thời đã từng cạnh tranh với Manga của Nhật Bản.', NULL, NULL),
(5, 'Doujinshi', 'Thể loại truyện phóng tác do người hâm mộ hay có thể cả những Mangaka khác với tác giả truyện gốc. Tác giả vẽ Doujinshi thường dựa trên những nhân vật gốc để viết ra những câu chuyện theo sở thích của mình', NULL, NULL),
(6, 'Drama', 'Thể loại mang đến cho người xem những cảm xúc khác nhau: buồn bã, căng thẳng thậm chí là bi phẫn', NULL, NULL),
(7, 'Ecchi', 'Thể loại được xem là ranh giới giữa Hentai và non-Hentai, thường có những tình huống nhạy cảm nhằm lôi cuốn người xem', NULL, NULL),
(8, 'Fantasy', 'Thể loại xuất phát từ trí tưởng tượng phong phú, từ pháp thuật đến thế giới trong mơ thậm chí là những câu chuyện thần tiên', NULL, NULL),
(9, 'Gender Bender', 'Là một thể loại trong đó giới tính của nhân vật bị lẫn lộn: nam hoá thành nữ, nữ hóa thành nam…', NULL, NULL),
(10, 'Harem', 'Thể loại truyện tình cảm, lãng mạn mà trong đó, nhiều nhân vật nữ thích một nam nhân vật chính', NULL, NULL),
(11, 'Historical', 'Thể loại có liên quan đến thời xa xưa', NULL, NULL),
(12, 'Horror', 'Thể loại kinh dị mang đến sự  rùng rợn cho người đọc', NULL, NULL),
(13, 'Josei', 'Là một thể loại của manga hay anime được sáng tác chủ yếu bởi phụ nữ cho những độc giả nữ từ 18 đến 30 tuổi, cốt truyện rõ ràng, chín chắn', NULL, NULL),
(14, 'Live action', 'Truyện đã được chuyển thể thành phim', NULL, NULL),
(15, 'Manhua', 'Truyện có nguồn gốc từ Trung Quốc', NULL, NULL),
(16, 'Manhwa', 'Truyện tranh xuất phát Hàn quốc', NULL, NULL),
(17, 'Martial Arts', 'Giống với tên gọi, bất cứ gì liên quan đến võ thuật trong truyện', NULL, NULL),
(18, 'Mature', 'Thể loại dành cho lứa tuổi 17+ bao gồm các pha bạo lực, máu me, chém giết, tình dục ở mức độ vừa', NULL, NULL),
(19, 'Mecha', 'Mecha, còn được biết đến dưới cái tên meka hay mechs, là thể loại nói tới những cỗ máy biết đi', NULL, NULL),
(20, 'Mystery', 'Thể loại thường xuất hiện những điều bí ẩn không thể lý giải được', NULL, NULL),
(21, 'One shot', 'Những truyện ngắn, thường là 1 chapter', NULL, NULL),
(22, 'Psychological', 'Thể loại liên quan đến những vấn đề về tâm lý của nhân vật', NULL, NULL),
(23, 'Romance', 'Thường là những câu chuyện kể về tình yêu', NULL, NULL),
(24, 'School Life', 'Trong thể loại này, ngữ cảnh diễn biến câu chuyện chủ yếu ở trường học', NULL, NULL),
(25, 'Sci-fi', 'Chủ đề khoa học viễn tưởng', NULL, NULL),
(26, 'Seinen', 'Là một thể loại của manga thường nhằm vào những đối tượng nam 18 đến 30 tuổi, nhưng người xem có thể lớn tuổi hơn', NULL, NULL),
(27, 'Shoujo', 'Đối tượng hướng tới của thể loại này là phái nữ. Nội dung của những bộ manga này thường liên quan đến tình cảm lãng mạn, chú trọng đầu tư cho nhân vật ', NULL, NULL),
(28, 'Shoujo Ai', 'Thể loại truyện tranh quan hệ hoặc liên quan tới đồng tính nữ, thể hiện trong các mối quan hệ trên mức bình thường giữa các nhân vật nữ trong các manga, anime', NULL, NULL),
(29, 'Shounen', 'Đối tượng hướng tới của thể loại này là phái nam. Nội dung của những bộ manga này thường liên quan đến đánh nhau và/hoặc bạo lực (ở mức bình thường, không thái quá);', NULL, NULL),
(30, 'Shounen Ai', 'Là một thể loại của anime hoặc manga có nội dung về tình yêu giữa những chàng trai trẻ, mang tính chất lãng mạn nhưng ko đề cập đến tình dục', NULL, NULL),
(31, 'Slice of Life', 'Nói về cuộc sống đời thường của mọi người', NULL, NULL),
(32, 'Smut', 'Những truyện có nội dung hơi nhạy cảm, đặc biệt là liên quan đến tình dục', NULL, NULL),
(33, 'Soft Yaoi', 'Nội dung gay cấn hơn Shounen Ai', NULL, NULL),
(34, 'Sports', 'Đúng như tên gọi, những môn thể thao như bóng đá, bóng chày, bóng chuyền, đua xe, cầu lông,… là một phần của thể loại này', NULL, NULL),
(35, 'Supernatural', 'Thể loại hiện tượng siêu nhiên', NULL, NULL),
(36, 'Tạp chí truyện tranh', 'Tạp chí online về manga anime v.v…', NULL, NULL),
(37, 'Tragedy', 'Thể loại chứa đựng những sự kiện mà dẫn đến kết cục là những mất mát hay sự rủi ro to lớn', NULL, NULL),
(38, 'Manga', 'Truyện tranh xuất xứ từ Nhật Bản', NULL, NULL),
(39, 'Action', 'Hành động', NULL, NULL);

-- --------------------------------------------------------

--
-- Cấu trúc bảng cho bảng `chapter`
--

CREATE TABLE `chapter` (
  `IDchapter` int(11) NOT NULL,
  `chapter` varchar(100) DEFAULT NULL,
  `IDcomic` int(11) DEFAULT NULL,
  `created` datetime DEFAULT NULL,
  `updated` datetime DEFAULT NULL
) ENGINE=InnoDB DEFAULT CHARSET=utf8mb4;

--
-- Đang đổ dữ liệu cho bảng `chapter`
--

INSERT INTO `chapter` (`IDchapter`, `chapter`, `IDcomic`, `created`, `updated`) VALUES
(1, 'Chap 1', 1, '2020-12-12 00:00:00', '2020-12-12 00:00:00'),
(2, 'Chap 2', 1, '2020-12-12 00:00:00', '2020-12-12 00:00:00'),
(3, 'Chap 3', 1, '2020-12-12 00:00:00', '2020-12-12 00:00:00'),
(4, 'Chap 1', 2, '2020-12-12 00:00:00', '2020-12-12 00:00:00'),
(5, 'Chap 2', 2, '2020-12-12 00:00:00', '2020-12-12 00:00:00'),
(6, 'Chap 3', 2, '2020-12-12 00:00:00', '2020-12-12 00:00:00'),
(7, 'Chap 1', 3, '2020-12-12 00:00:00', '2020-12-12 00:00:00'),
(8, 'Chap 2', 3, '2020-12-12 00:00:00', '2020-12-12 00:00:00'),
(9, 'Chap 3', 3, '2020-12-12 00:00:00', '2012-12-20 00:00:00'),
(10, 'Chap 4', 1, '2020-12-13 00:00:00', '2021-12-13 00:00:00'),
(11, 'Chap 5', 1, '2020-12-13 00:00:00', '2021-12-16 00:00:00'),
(12, 'Chap 4', 2, '2019-12-01 00:00:00', '2020-08-01 00:00:00'),
(13, 'Chap 5', 2, '2020-12-01 00:00:00', '2021-12-01 00:00:00'),
(14, 'Chap 4', 3, '2020-08-02 00:00:00', '2021-01-01 00:00:00'),
(15, 'Chap 5', 3, '2020-01-01 00:00:00', '2021-01-01 00:00:00'),
(16, 'Chap 1', 4, '2020-12-01 00:00:00', '2021-12-01 00:00:00'),
(17, 'Chap 2', 4, '2021-01-01 00:00:00', '2021-05-01 00:00:00'),
(18, 'Chap 3', 4, '2020-01-01 00:00:00', '2021-01-01 00:00:00'),
(19, 'Chap 4', 4, '2020-01-01 00:00:00', '2021-01-01 00:00:00'),
(20, 'Chap 5', 4, '2020-01-01 00:00:00', '2021-01-01 00:00:00'),
(21, 'Chap 1', 5, '2018-02-01 00:00:00', '2021-02-01 00:00:00'),
(22, 'Chap 2', 5, '2017-02-01 00:00:00', '2021-02-01 00:00:00'),
(23, 'Chap 3', 5, '2018-02-01 00:00:00', '2021-01-01 00:00:00'),
(24, 'Chap 4', 5, '2018-01-01 00:00:00', '2020-01-01 00:00:00'),
(25, 'Chap 5', 5, '2018-01-01 00:00:00', '2020-01-01 00:00:00'),
(26, 'Chap 1', 6, '2017-01-01 00:00:00', '2021-02-01 00:00:00'),
(27, 'Chap 2', 6, '2017-01-01 00:00:00', '2021-01-01 00:00:00'),
(28, 'Chap 3', 6, '2017-01-01 00:00:00', '2021-01-01 00:00:00'),
(29, 'Chap 4', 6, '2017-01-01 00:00:00', '2021-01-01 00:00:00'),
(30, 'Chap 5', 6, '2017-01-01 00:00:00', '2021-01-01 00:00:00'),
(31, 'Chap 1', 7, '2020-01-01 00:00:00', '2021-01-01 00:00:00'),
(32, 'Chap 2', 7, '2020-01-01 00:00:00', '2021-01-01 00:00:00'),
(33, 'Chap 3', 7, '2020-01-01 00:00:00', '2021-01-01 00:00:00'),
(34, 'Chap 4', 7, '2020-01-01 00:00:00', '2021-01-01 00:00:00'),
(35, 'Chap 5', 7, '2020-01-01 00:00:00', '2021-01-01 00:00:00'),
(36, 'Chap 1', 8, '2020-01-01 00:00:00', '2021-01-01 00:00:00'),
(37, 'Chap 2', 8, '2020-01-01 00:00:00', '2021-01-01 00:00:00'),
(38, 'Chap 3', 8, '2020-01-01 00:00:00', '2021-01-01 00:00:00'),
(39, 'Chap 4', 8, '2020-01-01 00:00:00', '2021-01-01 00:00:00'),
(40, 'Chap 5', 8, '2020-01-01 00:00:00', '2021-01-01 00:00:00'),
(41, 'Chap 1', 9, '2020-01-01 00:00:00', '2021-01-01 00:00:00'),
(42, 'Chap 2', 9, '2020-01-01 00:00:00', '2021-01-01 00:00:00'),
(43, 'Chap 3', 9, '2020-01-01 00:00:00', '2021-01-01 00:00:00'),
(44, 'Chap 4', 9, '2020-01-01 00:00:00', '2021-01-01 00:00:00'),
(45, 'Chap 5', 9, '2020-01-01 00:00:00', '2021-01-01 00:00:00');

-- --------------------------------------------------------

--
-- Cấu trúc bảng cho bảng `comic`
--

CREATE TABLE `comic` (
  `IDcomic` int(11) NOT NULL,
  `comic` varchar(100) DEFAULT NULL,
  `created` datetime DEFAULT NULL,
  `updated` datetime DEFAULT NULL,
  `ratting` int(11) DEFAULT NULL,
  `views` int(11) DEFAULT NULL,
  `share` int(11) DEFAULT NULL,
  `IDauthor` int(11) DEFAULT NULL,
  `status` varchar(50) DEFAULT NULL,
  `description` varchar(255) DEFAULT NULL,
  `ImageLink` text DEFAULT NULL
) ENGINE=InnoDB DEFAULT CHARSET=utf8mb4;

--
-- Đang đổ dữ liệu cho bảng `comic`
--

INSERT INTO `comic` (`IDcomic`, `comic`, `created`, `updated`, `ratting`, `views`, `share`, `IDauthor`, `status`, `description`, `ImageLink`) VALUES
(1, 'Doraemon', '2020-02-01 00:00:00', '2021-02-03 00:00:00', 4, 12568, 365, 1, 'Đang tiến hành', 'Chú mèo máy đến từ tương lai', 'https://i.imgur.com/EZoQb5l.png'),
(2, 'Conan', '2019-03-01 00:00:00', '2021-03-06 00:00:00', 4, 11458, 356, 2, 'Đang tiến hành', 'Shinichi Kudo là một thần đồng thám tử mặc dù vẫn đang là học sinh trung học và anh thường xuyên trợ giúp cảnh sát Tokyo giải quyết nhiều vụ án. Một hôm nọ, anh đang dạo chơi cùng người bạn mình là Ran Mouri trên công viên thì bổng thấy 2 kẻ mặc đồ đen...', 'https://i.imgur.com/Jnu8OX5.jpg'),
(3, 'Naruto', '2018-06-06 00:00:00', '2021-04-06 00:00:00', 4, 11458, 333, 3, 'Đã hoàn thành', 'Câu chuyện kể về cậu bé bị phong ấn Naruto ồn áo, hiếu động và luôn muốn được công nhận một cách thực sự. Cậu đã thề rằng một ngày không xa, cậu sẽ trở thành Hokage vĩ đại nhất trong lịch sử ngôi làng.', 'https://i.imgur.com/LhhEtk0.jpg'),
(4, 'Ô Long Viện', '2019-12-12 00:00:00', '2020-12-12 00:00:00', 3, 1354, 245, 1, 'Đang tiến hành', 'Mở đầu truyện tranh Ô Long Viện \" Thầy giỏi trò tài \" Cuộc trò truyện giữa đám mây và mặt trời: này điện hạ mặt trời! Gì thế mây nhóc? Tôi muốn tỉ thí với điện hạ! Hế hế, ngươi dám?', 'https://i.imgur.com/09fB8wp.jpg'),
(5, 'Thợ săn 3 cm', '2020-12-20 00:00:00', '2021-01-01 00:00:00', 5, 13500, 545, 1, 'Đang tiến hành', 'Thay vì những mô típ như hầm ngục quái vật thoát ra,... thì quái vật lại chính là nhưng con vật bình thường như chuột, kiến, mèo,.... hay đến những bậc thang lại chính là những thứ có thể giết chết con người.', 'https://i.imgur.com/SIvDbhi.jpg'),
(6, 'Vua Bếp Soma', '2020-12-21 00:00:00', '2021-01-02 00:00:00', 5, 14250, 465, 2, 'Đang tiến hành', 'ơ lượcCậu trai trẻ Yukihira Souma là con nhà nòi của 1 quán ăn bình dân , cậu có 1 khao khát cháy bỏng là vượt qua cha mình người đã đánh bại cậu liên tục 489 trận ( mặc dù trình nấu ăn của anh Main cũng thần thánh không kém )', 'https://i.imgur.com/KJP2RNC.jpg'),
(7, 'Symphogear Senki', '2020-03-02 00:00:00', '2021-12-03 00:00:00', 5, 15006, 648, 3, 'Đang tiến hành', 'Hai năm trước, một cặp Idol, Kazanari Tsubasa và Kanade Amou, thường được biết tới như là Zwei Wing đã cùng nhau chiến đấu chống lại một loại quái vật kì lạ có tên gọi là Noise bằng cách sử dụng bộ giáp Symphogear.', 'https://i.imgur.com/3nBkiHr.jpg'),
(8, 'SLIME TENSEI. TAIKENSHA GA YOUJO ELF NI DAKISHIMERARETEMASU', '2020-12-05 00:00:00', '2021-08-07 00:00:00', 5, 8000, 456, 4, 'Đang tiến hành', 'Một phù thủy vĩ đại trước khi chết đã tự tái sinh thành một con slime và tìm đến đứa con nuôi thuộc tộc elf của mình. Hành trình của một con slime với các cô con cái cực cute bắt đầu', 'https://i.imgur.com/6x3C5gW.jpg'),
(9, 'GIRLS FRONTLINE ONESHOT TỔNG HỢP', '2020-08-01 00:00:00', '2021-05-01 00:00:00', 4, 5898, 356, 4, 'Đang tiến hành', 'Tổng hợp những mẩu truyện ngắn của game Girls Frontline từ nhiều tác giả', 'https://i.imgur.com/pjxunIB.jpg'),
(10, 'Truyện Tranh Dị Giới Công Chúa 1', '2020-08-01 00:00:00', '2021-04-01 00:00:00', 5, 12500, 565, 4, 'Đang tiến hành', 'Tại thế giới game full dive VR-Free Life Fantasy Online. Nữ sinh Trung học TsukiShiro Kotone nhập vai với tên Anastasia . Cô bắt đầu trò chơi dưới hình hài của một zombie và tỉnh dậy dưới lăng mộ.', 'http://st.imageinstant.net/data/comics/58/di-gioi-cong-chua.jpg');

-- --------------------------------------------------------

--
-- Cấu trúc bảng cho bảng `comiccatergory`
--

CREATE TABLE `comiccatergory` (
  `id` int(11) NOT NULL,
  `IDcatergory` int(11) NOT NULL,
  `IDcomic` int(11) NOT NULL
) ENGINE=InnoDB DEFAULT CHARSET=utf8mb4;

--
-- Đang đổ dữ liệu cho bảng `comiccatergory`
--

INSERT INTO `comiccatergory` (`id`, `IDcatergory`, `IDcomic`) VALUES
(1, 2, 1),
(2, 2, 2),
(3, 2, 3),
(4, 2, 4),
(5, 2, 5),
(6, 2, 8),
(7, 2, 9),
(8, 3, 7),
(9, 4, 1),
(10, 4, 2),
(11, 4, 4),
(12, 4, 6),
(13, 4, 7),
(14, 4, 8),
(15, 4, 9),
(16, 6, 3),
(17, 6, 4),
(18, 6, 7),
(19, 7, 6),
(20, 7, 8),
(21, 7, 9),
(22, 8, 3),
(23, 8, 8),
(24, 8, 9),
(25, 16, 5),
(26, 23, 1),
(27, 24, 1),
(28, 25, 7),
(29, 25, 9),
(30, 27, 7),
(31, 28, 1),
(32, 29, 2),
(33, 29, 3),
(34, 31, 1),
(35, 31, 7),
(36, 35, 3),
(37, 35, 5),
(38, 35, 8),
(39, 36, 10),
(40, 37, 10),
(41, 38, 6),
(42, 38, 7),
(43, 38, 9),
(44, 38, 10),
(45, 39, 2),
(46, 39, 3),
(47, 39, 5),
(48, 39, 7),
(49, 39, 8),
(50, 39, 9),
(51, 39, 10);

-- --------------------------------------------------------

--
-- Cấu trúc bảng cho bảng `comictrans`
--

CREATE TABLE `comictrans` (
  `id` int(11) NOT NULL,
  `IDcomic` int(11) NOT NULL,
  `IDteam` int(11) NOT NULL
) ENGINE=InnoDB DEFAULT CHARSET=utf8mb4;

--
-- Đang đổ dữ liệu cho bảng `comictrans`
--

INSERT INTO `comictrans` (`id`, `IDcomic`, `IDteam`) VALUES
(1, 1, 1),
(2, 2, 1),
(3, 3, 1),
(4, 4, 2),
(5, 5, 2),
(6, 5, 3),
(7, 6, 3),
(8, 7, 2),
(9, 8, 1),
(10, 9, 3),
(11, 10, 3),
(12, 11, 1);

-- --------------------------------------------------------

--
-- Cấu trúc bảng cho bảng `imagechapter`
--

CREATE TABLE `imagechapter` (
  `IdImageChapter` int(11) NOT NULL,
  `IDchapter` int(11) DEFAULT NULL,
  `ImageLink` text DEFAULT NULL
) ENGINE=InnoDB DEFAULT CHARSET=utf8mb4;

--
-- Đang đổ dữ liệu cho bảng `imagechapter`
--

INSERT INTO `imagechapter` (`IdImageChapter`, `IDchapter`, `ImageLink`) VALUES
(1, 2, 'https://i.imgur.com/6uAymQu.jpg'),
(2, 2, 'https://i.imgur.com/7PS1hHf.jpg'),
(3, 2, 'https://i.imgur.com/BZxb8Fc.jpg'),
(4, 2, 'https://i.imgur.com/4zkK1hv.jpg'),
(5, 2, 'https://i.imgur.com/rhtenos.jpg'),
(6, 2, 'https://i.imgur.com/jTOrcdR.jpg'),
(7, 2, 'https://i.imgur.com/JjLitkF.jpg'),
(8, 2, 'https://i.imgur.com/oIID7YD.jpg'),
(9, 2, 'https://i.imgur.com/dNoyhhH.jpg'),
(10, 2, 'https://i.imgur.com/VY9sgor.jpg'),
(11, 2, 'https://i.imgur.com/KCF9nqQ.jpg'),
(12, 2, 'https://i.imgur.com/kkNwsXc.jpg'),
(13, 2, 'https://i.imgur.com/m05bwxz.jpg'),
(14, 2, 'https://i.imgur.com/E2CfRWY.jpg'),
(15, 3, 'https://i.imgur.com/khVXdPk.jpg'),
(16, 3, 'https://i.imgur.com/qTVN7Me.jpg'),
(17, 3, 'https://i.imgur.com/THLTJT7.jpg'),
(18, 3, 'https://i.imgur.com/Rkyx7W1.jpg'),
(19, 3, 'https://i.imgur.com/e4oCO7V.jpg'),
(20, 3, 'https://i.imgur.com/kw4mlkZ.jpg'),
(21, 3, 'https://i.imgur.com/RRqeXq0.jpg'),
(22, 3, 'https://i.imgur.com/F1fNuN0.jpg'),
(23, 3, 'https://i.imgur.com/OjPvBuN.jpg'),
(24, 10, 'https://i.imgur.com/azkbO1c.jpg'),
(25, 10, 'https://i.imgur.com/LQegg0R.jpg'),
(26, 10, 'https://i.imgur.com/BS2lrMg.jpg'),
(27, 10, 'https://i.imgur.com/GYD11nB.jpg'),
(28, 10, 'https://i.imgur.com/wTlxlxy.jpg'),
(29, 10, 'https://i.imgur.com/b5lryTr.jpg'),
(30, 10, 'https://i.imgur.com/TpLCyz3.jpg'),
(31, 10, 'https://i.imgur.com/tVVyR57.jpg'),
(32, 10, 'https://i.imgur.com/FO49WLf.jpg'),
(33, 10, 'https://i.imgur.com/PwTigPw.jpg'),
(34, 10, 'https://i.imgur.com/KoDq9eP.jpg'),
(35, 10, 'https://i.imgur.com/iHH4W8w.jpg'),
(36, 10, 'https://i.imgur.com/YOCtgQG.jpg'),
(37, 10, 'https://i.imgur.com/0NZphdY.jpg'),
(38, 11, 'https://i.imgur.com/65ctti0.jpg'),
(39, 11, 'https://i.imgur.com/MsnTyeR.jpg'),
(40, 11, 'https://i.imgur.com/tED3sj6.jpg'),
(41, 11, 'https://i.imgur.com/HrIw2Dm.jpg'),
(42, 11, 'https://i.imgur.com/okWReDV.jpg'),
(43, 11, 'https://i.imgur.com/788norl.jpg'),
(44, 11, 'https://i.imgur.com/kVnUoqO.jpg'),
(45, 11, 'https://i.imgur.com/IEt922t.jpg'),
(46, 11, 'https://i.imgur.com/wwAbtiT.jpg'),
(47, 4, 'https://i.imgur.com/NRzHbqr.jpg'),
(48, 4, 'https://i.imgur.com/F23Qzzb.jpg'),
(49, 4, 'https://i.imgur.com/wZ5tndf.jpg'),
(50, 4, 'https://i.imgur.com/AsEpZZe.jpg'),
(51, 4, 'https://i.imgur.com/GCRuscv.jpg'),
(52, 4, 'https://i.imgur.com/pi1AfsD.jpg'),
(53, 4, 'https://i.imgur.com/WnPTOyY.jpg'),
(54, 4, 'https://i.imgur.com/fNGEity.jpg'),
(55, 4, 'https://i.imgur.com/tXXdc9Y.jpg'),
(56, 4, 'https://i.imgur.com/wngxzCF.jpg'),
(57, 4, 'https://i.imgur.com/Om3AieZ.jpg'),
(58, 4, 'https://i.imgur.com/YUOlYOI.jpg'),
(59, 4, 'https://i.imgur.com/Z4nVNF9.jpg'),
(60, 4, 'https://i.imgur.com/jSCL96p.jpg'),
(61, 4, 'https://i.imgur.com/CTzGhQw.jpg'),
(62, 4, 'https://i.imgur.com/mPxTQOd.jpg'),
(63, 4, 'https://i.imgur.com/oWAEQzN.jpg'),
(64, 4, 'https://i.imgur.com/oSQvLl1.jpg'),
(65, 4, 'https://i.imgur.com/p1SRIVF.jpg'),
(66, 4, 'https://i.imgur.com/gkEMjY1.jpg'),
(67, 4, 'https://i.imgur.com/NYtSne0.jpg'),
(68, 4, 'https://i.imgur.com/Fj0ajpt.jpg'),
(69, 4, 'https://i.imgur.com/ajT7LRk.jpg'),
(70, 4, 'https://i.imgur.com/VGGzxlP.jpg'),
(71, 4, 'https://i.imgur.com/3lJLFX2.jpg'),
(72, 4, 'https://i.imgur.com/g6C2UfU.jpg'),
(73, 4, 'https://i.imgur.com/zJ5tB3j.jpg'),
(74, 4, 'https://i.imgur.com/gjiDJh0.jpg'),
(75, 4, 'https://i.imgur.com/5jnLSqB.jpg'),
(76, 4, 'https://i.imgur.com/wjPDpKY.jpg'),
(77, 4, 'https://i.imgur.com/BdtyoMZ.jpg'),
(78, 4, 'https://i.imgur.com/vBOaCab.jpg'),
(79, 4, 'https://i.imgur.com/1rLUQYi.jpg'),
(80, 4, 'https://i.imgur.com/yN8lkbG.jpg'),
(81, 4, 'https://i.imgur.com/2vUbgFP.jpg'),
(82, 5, 'https://i.imgur.com/DwknoZG.jpg'),
(83, 5, 'https://i.imgur.com/mngTx1i.jpg'),
(84, 5, 'https://i.imgur.com/Ek21jDr.jpg'),
(85, 5, 'https://i.imgur.com/lI5UMBk.jpg'),
(86, 5, 'https://i.imgur.com/BBpZhnU.jpg'),
(87, 5, 'https://i.imgur.com/MpqHBxM.jpg'),
(88, 5, 'https://i.imgur.com/zsrfzAh.jpg'),
(89, 5, 'https://i.imgur.com/kNOq6fv.jpg'),
(90, 5, 'https://i.imgur.com/AZofuTJ.jpg'),
(91, 5, 'https://i.imgur.com/Eu7dZSl.jpg'),
(92, 5, 'https://i.imgur.com/du3pWUe.jpg'),
(93, 5, 'https://i.imgur.com/5d8IO6b.jpg'),
(94, 5, 'https://i.imgur.com/NBKiAOU.jpg'),
(95, 5, 'https://i.imgur.com/NASoTpr.jpg'),
(96, 5, 'https://i.imgur.com/UrwjIeS.jpg'),
(97, 5, 'https://i.imgur.com/I9KY89N.jpg'),
(98, 5, 'https://i.imgur.com/7eNLM3i.jpg'),
(99, 5, 'https://i.imgur.com/yIl1tco.jpg'),
(100, 5, 'https://i.imgur.com/MjDzaVY.jpg'),
(101, 5, 'https://i.imgur.com/npsBhPo.jpg'),
(102, 5, 'https://i.imgur.com/BcPMAgg.jpg'),
(103, 5, 'https://i.imgur.com/k0jJ8Jr.jpg'),
(104, 5, 'https://i.imgur.com/N1S5pQr.jpg'),
(105, 5, 'https://i.imgur.com/jjy3mvh.jpg'),
(106, 5, 'https://i.imgur.com/AHwxEra.jpg'),
(107, 5, 'https://i.imgur.com/sSY6A82.jpg'),
(108, 5, 'https://i.imgur.com/iNAkGUE.jpg'),
(109, 6, 'https://i.imgur.com/bJeBSoz.jpg'),
(110, 6, 'https://i.imgur.com/qbjkxTI.jpg'),
(111, 6, 'https://i.imgur.com/3aG7yLM.jpg'),
(112, 6, 'https://i.imgur.com/bGqSB7D.jpg'),
(113, 6, 'https://i.imgur.com/q5NMfur.jpg'),
(114, 6, 'https://i.imgur.com/R2UUTAd.jpg'),
(115, 6, 'https://i.imgur.com/xdA75wI.jpg'),
(116, 6, 'https://i.imgur.com/HZ8jgPW.jpg'),
(117, 6, 'https://i.imgur.com/5JjoGWN.jpg'),
(118, 6, 'https://i.imgur.com/nlCXDz9.jpg'),
(119, 6, 'https://i.imgur.com/kDczKIX.jpg'),
(120, 6, 'https://i.imgur.com/xtWLj5i.jpg'),
(121, 6, 'https://i.imgur.com/Xj2NpoK.jpg'),
(122, 6, 'https://i.imgur.com/xFOprZS.jpg'),
(123, 6, 'https://i.imgur.com/uzsNDD1.jpg'),
(124, 12, 'https://i.imgur.com/FP4K5KN.jpg'),
(125, 12, 'https://i.imgur.com/B9Rs2Yv.jpg'),
(126, 12, 'https://i.imgur.com/gadSHMv.jpg'),
(127, 12, 'https://i.imgur.com/HmiW5lI.jpg'),
(128, 12, 'https://i.imgur.com/NgqvNPv.jpg'),
(129, 12, 'https://i.imgur.com/EHZum2x.jpg'),
(130, 12, 'https://i.imgur.com/2KPz5wR.jpg'),
(131, 12, 'https://i.imgur.com/yNR8ssx.jpg'),
(132, 12, 'https://i.imgur.com/vlj2eB4.jpg'),
(133, 12, 'https://i.imgur.com/aI9HmFx.jpg'),
(134, 12, 'https://i.imgur.com/l6JH9D2.jpg'),
(135, 12, 'https://i.imgur.com/YTl2Ez5.jpg'),
(136, 12, 'https://i.imgur.com/FAJNwaQ.jpg'),
(137, 12, 'https://i.imgur.com/jaGQQRw.jpg'),
(138, 12, 'https://i.imgur.com/SPHwdSw.jpg'),
(139, 13, 'https://i.imgur.com/j0ceAOD.jpg'),
(140, 13, 'https://i.imgur.com/tIM7WJE.jpg'),
(141, 13, 'https://i.imgur.com/c4mQdOB.jpg'),
(142, 13, 'https://i.imgur.com/qePe37Z.jpg'),
(143, 13, 'https://i.imgur.com/mM22Odr.jpg'),
(144, 13, 'https://i.imgur.com/anJ6YSX.jpg'),
(145, 13, 'https://i.imgur.com/lJm6ty2.jpg'),
(146, 13, 'https://i.imgur.com/3eCZNNa.jpg'),
(147, 13, 'https://i.imgur.com/pRTDjMo.jpg'),
(148, 13, 'https://i.imgur.com/XKRTRvO.jpg'),
(149, 13, 'https://i.imgur.com/ZVsEdjU.jpg'),
(150, 13, 'https://i.imgur.com/S3MCYct.jpg'),
(151, 13, 'https://i.imgur.com/U47LwhG.jpg'),
(152, 13, 'https://i.imgur.com/ftWBilg.jpg'),
(153, 13, 'https://i.imgur.com/pb32dNV.jpg'),
(154, 13, 'https://i.imgur.com/OpRPQ7Y.jpg'),
(155, 7, 'https://i.imgur.com/HEfQ12J.jpg'),
(156, 7, 'https://i.imgur.com/JYVNg3T.jpg'),
(157, 7, 'https://i.imgur.com/XqwBnA4.jpg'),
(158, 7, 'https://i.imgur.com/yszYwpD.jpg'),
(159, 7, 'https://i.imgur.com/g78v11i.jpg'),
(160, 7, 'https://i.imgur.com/GiXsydR.jpg'),
(161, 7, 'https://i.imgur.com/CaE3D1M.jpg'),
(162, 7, 'https://i.imgur.com/mnYNuBi.jpg'),
(163, 7, 'https://i.imgur.com/78x3QXQ.jpg'),
(164, 7, 'https://i.imgur.com/jxeBms0.jpg'),
(165, 7, 'https://i.imgur.com/97luVC5.jpg'),
(166, 7, 'https://i.imgur.com/aQtykMM.jpg'),
(167, 7, 'https://i.imgur.com/Q2FfQHu.jpg'),
(168, 7, 'https://i.imgur.com/RWDGIXi.jpg'),
(169, 7, 'https://i.imgur.com/rwvMFV5.jpg'),
(170, 7, 'https://i.imgur.com/UxtqSiY.jpg'),
(171, 7, 'https://i.imgur.com/s6YkQ4G.jpg'),
(172, 7, 'https://i.imgur.com/m9iXiD9.jpg'),
(173, 7, 'https://i.imgur.com/q53p1pX.jpg'),
(174, 7, 'https://i.imgur.com/Qq436r9.jpg'),
(175, 7, 'https://i.imgur.com/EefpcCj.jpg'),
(176, 7, 'https://i.imgur.com/xbSaJSJ.jpg'),
(177, 7, 'https://i.imgur.com/qcLCZlC.jpg'),
(178, 7, 'https://i.imgur.com/SMwF1hu.jpg'),
(179, 7, 'https://i.imgur.com/9Ngku6K.jpg'),
(180, 7, 'https://i.imgur.com/TyBkvmd.jpg'),
(181, 7, 'https://i.imgur.com/LxJGqaP.jpg'),
(182, 7, 'https://i.imgur.com/svfL0Gb.jpg'),
(183, 7, 'https://i.imgur.com/mu6Q6be.jpg'),
(184, 7, 'https://i.imgur.com/P1B5gb5.jpg'),
(185, 7, 'https://i.imgur.com/90A1GLu.jpg'),
(186, 7, 'https://i.imgur.com/DQloYo8.jpg'),
(187, 7, 'https://i.imgur.com/Nanevd6.jpg'),
(188, 7, 'https://i.imgur.com/Ui7vky9.jpg'),
(189, 7, 'https://i.imgur.com/4g75zzi.jpg'),
(190, 7, 'https://i.imgur.com/Fm9n0On.jpg'),
(191, 7, 'https://i.imgur.com/rrOWHwi.jpg'),
(192, 7, 'https://i.imgur.com/R76tZnE.jpg'),
(193, 7, 'https://i.imgur.com/chX9sPV.jpg'),
(194, 7, 'https://i.imgur.com/idhd551.jpg'),
(195, 7, 'https://i.imgur.com/JEfk8Dl.jpg'),
(196, 7, 'https://i.imgur.com/qsK5EaS.jpg'),
(197, 7, 'https://i.imgur.com/9YfUjxH.jpg'),
(198, 7, 'https://i.imgur.com/tnFaMs2.jpg'),
(199, 7, 'https://i.imgur.com/dK5UQz5.jpg'),
(200, 7, 'https://i.imgur.com/Zqjiesj.jpg'),
(201, 7, 'https://i.imgur.com/Y99aMLm.jpg'),
(202, 7, 'https://i.imgur.com/t14Ga9V.jpg'),
(203, 7, 'https://i.imgur.com/Q53je4W.jpg'),
(204, 7, 'https://i.imgur.com/4Evn8Az.jpg'),
(205, 7, 'https://i.imgur.com/AXjvXVC.jpg'),
(206, 7, 'https://i.imgur.com/qTYOBm1.jpg'),
(207, 7, 'https://i.imgur.com/zeQCYtq.jpg'),
(208, 7, 'https://i.imgur.com/VAsLh4r.jpg'),
(209, 7, 'https://i.imgur.com/n0SHNkL.jpg'),
(210, 8, 'https://i.imgur.com/0Mwj6Qs.jpg'),
(211, 8, 'https://i.imgur.com/VXYUiGn.jpg'),
(212, 8, 'https://i.imgur.com/nEbfxv4.jpg'),
(213, 8, 'https://i.imgur.com/CmFYb2O.jpg'),
(214, 8, 'https://i.imgur.com/AnvhK7s.jpg'),
(215, 8, 'https://i.imgur.com/JBrL9bz.jpg'),
(216, 8, 'https://i.imgur.com/DjvGLs2.jpg'),
(217, 8, 'https://i.imgur.com/WAHpnex.jpg'),
(218, 8, 'https://i.imgur.com/wOo8kO1.jpg'),
(219, 8, 'https://i.imgur.com/6m44SWH.jpg'),
(220, 8, 'https://i.imgur.com/R45qZPk.jpg'),
(221, 8, 'https://i.imgur.com/m0iTW1A.jpg'),
(222, 8, 'https://i.imgur.com/DjqWqxQ.jpg'),
(223, 8, 'https://i.imgur.com/d13Rvhe.jpg'),
(224, 8, 'https://i.imgur.com/8Slu3TP.jpg'),
(225, 8, 'https://i.imgur.com/5LWtiG3.jpg'),
(226, 8, 'https://i.imgur.com/j3Febcp.jpg'),
(227, 8, 'https://i.imgur.com/XmKSqZp.jpg'),
(228, 8, 'https://i.imgur.com/1yQiRQz.jpg'),
(229, 8, 'https://i.imgur.com/4Lb19uY.jpg'),
(230, 8, 'https://i.imgur.com/EIa7Zj8.jpg'),
(231, 8, 'https://i.imgur.com/RXIYAa3.jpg'),
(232, 8, 'https://i.imgur.com/BvAwUzm.jpg'),
(233, 9, 'https://i.imgur.com/Evifonn.jpg'),
(234, 9, 'https://i.imgur.com/zvKsLZC.jpg'),
(235, 9, 'https://i.imgur.com/epMbFgQ.jpg'),
(236, 9, 'https://i.imgur.com/5zoLpEE.jpg'),
(237, 9, 'https://i.imgur.com/lOa8gid.jpg'),
(238, 9, 'https://i.imgur.com/qhgqZMZ.jpg'),
(239, 9, 'https://i.imgur.com/F4o73mC.jpg'),
(240, 9, 'https://i.imgur.com/WDMB0zw.jpg'),
(241, 9, 'https://i.imgur.com/q1WMkIm.jpg'),
(242, 9, 'https://i.imgur.com/DSXadbM.jpg'),
(243, 9, 'https://i.imgur.com/3KLlGqP.jpg'),
(244, 9, 'https://i.imgur.com/jqq2bkb.jpg'),
(245, 9, 'https://i.imgur.com/ipr7kIZ.jpg'),
(246, 9, 'https://i.imgur.com/Hn4ZTnm.jpg'),
(247, 9, 'https://i.imgur.com/Mrd2wBh.jpg'),
(248, 9, 'https://i.imgur.com/BHRhULP.jpg'),
(249, 9, 'https://i.imgur.com/tm6x2yU.jpg'),
(250, 9, 'https://i.imgur.com/BymJJuj.jpg'),
(251, 9, 'https://i.imgur.com/KPPV4K3.jpg'),
(252, 9, 'https://i.imgur.com/gVlinFA.jpg'),
(253, 9, 'https://i.imgur.com/UNf4dnm.jpg'),
(254, 9, 'https://i.imgur.com/d206A13.jpg'),
(255, 9, 'https://i.imgur.com/80u8AuZ.jpg'),
(256, 14, 'https://i.imgur.com/d24ShdU.jpg'),
(257, 14, 'https://i.imgur.com/B32VmTZ.jpg'),
(258, 14, 'https://i.imgur.com/0DRkYh8.jpg'),
(259, 14, 'https://i.imgur.com/1n1TkTQ.jpg'),
(260, 14, 'https://i.imgur.com/4Ka52CC.jpg'),
(261, 14, 'https://i.imgur.com/H69yH4M.jpg'),
(262, 14, 'https://i.imgur.com/Cf9sgBE.jpg'),
(263, 14, 'https://i.imgur.com/jam4ZZd.jpg'),
(264, 14, 'https://i.imgur.com/rwpOonT.jpg'),
(265, 14, 'https://i.imgur.com/PSgGU0c.jpg'),
(266, 14, 'https://i.imgur.com/7qmAnwl.jpg'),
(267, 14, 'https://i.imgur.com/NV85VgN.jpg'),
(268, 14, 'https://i.imgur.com/Z1TTVn0.jpg'),
(269, 14, 'https://i.imgur.com/Y9mA2Nc.jpg'),
(270, 14, 'https://i.imgur.com/Jjv1SNB.jpg'),
(271, 14, 'https://i.imgur.com/QeUPCvK.jpg'),
(272, 14, 'https://i.imgur.com/ZQCdrqA.jpg'),
(273, 14, 'https://i.imgur.com/NNqwxa0.jpg'),
(274, 14, 'https://i.imgur.com/ZE2E6du.jpg'),
(275, 16, 'https://i.imgur.com/t9oJdDc.jpg'),
(276, 16, 'https://i.imgur.com/2Sh4bl0.jpg'),
(277, 16, 'https://i.imgur.com/pVzacwo.jpg'),
(278, 16, 'https://i.imgur.com/ezjSeyN.jpg'),
(279, 16, 'https://i.imgur.com/EkrMKqF.jpg'),
(280, 16, 'https://i.imgur.com/NHaLfa3.jpg'),
(281, 16, 'https://i.imgur.com/xfFQySV.jpg'),
(282, 16, 'https://i.imgur.com/fbBy8V6.jpg'),
(283, 16, 'https://i.imgur.com/LKv6GL5.jpg'),
(284, 16, 'https://i.imgur.com/cfzknPM.jpg'),
(285, 16, 'https://i.imgur.com/JWE7CjE.jpg'),
(286, 16, 'https://i.imgur.com/ivUX0cx.jpg'),
(287, 16, 'https://i.imgur.com/L5I9Ezm.jpg'),
(288, 16, 'https://i.imgur.com/fCvHJ4i.jpg'),
(289, 16, 'https://i.imgur.com/XuWNitq.jpg'),
(290, 16, 'https://i.imgur.com/GFLKqCk.jpg'),
(291, 16, 'https://i.imgur.com/TS9CM06.jpg'),
(292, 16, 'https://i.imgur.com/aYEM7HY.jpg'),
(293, 16, 'https://i.imgur.com/azknAFl.jpg'),
(294, 16, 'https://i.imgur.com/WwYLXgt.jpg'),
(295, 16, 'https://i.imgur.com/p2aEg2a.jpg'),
(296, 16, 'https://i.imgur.com/Nvipak6.jpg'),
(297, 16, 'https://i.imgur.com/FOyfMCz.jpg'),
(298, 16, 'https://i.imgur.com/WUCjUOc.jpg'),
(299, 16, 'https://i.imgur.com/BkjhCd8.jpg'),
(300, 16, 'https://i.imgur.com/PfliHC0.jpg'),
(301, 16, 'https://i.imgur.com/LodCbDy.jpg'),
(302, 16, 'https://i.imgur.com/fleTeIe.jpg'),
(303, 16, 'https://i.imgur.com/afBEs4g.jpg'),
(304, 16, 'https://i.imgur.com/6UWG5JQ.jpg'),
(305, 17, 'https://i.imgur.com/GEThoy5.jpg'),
(306, 17, 'https://i.imgur.com/xM9F3Eh.jpg'),
(307, 17, 'https://i.imgur.com/OW0nKcm.jpg'),
(308, 17, 'https://i.imgur.com/Si5pV39.jpg'),
(309, 17, 'https://i.imgur.com/35vUw2R.jpg'),
(310, 17, 'https://i.imgur.com/vU7bTHI.jpg'),
(311, 17, 'https://i.imgur.com/vBth0GW.jpg'),
(312, 17, 'https://i.imgur.com/8E9ME13.jpg'),
(313, 17, 'https://i.imgur.com/w2oxoNr.jpg'),
(314, 17, 'https://i.imgur.com/KFZqyfD.jpg'),
(315, 17, 'https://i.imgur.com/7mtDwmi.jpg'),
(316, 17, 'https://i.imgur.com/SdWUj29.jpg'),
(317, 17, 'https://i.imgur.com/itPMhOh.jpg'),
(318, 17, 'https://i.imgur.com/vTGvfVk.jpg'),
(319, 17, 'https://i.imgur.com/JUH1ETw.jpg'),
(320, 17, 'https://i.imgur.com/72jNpBf.jpg'),
(321, 17, 'https://i.imgur.com/PrGeo4E.jpg'),
(322, 17, 'https://i.imgur.com/OEQdMR0.jpg'),
(323, 17, 'https://i.imgur.com/t7J2x4S.jpg'),
(324, 17, 'https://i.imgur.com/7hvcheG.jpg'),
(325, 17, 'https://i.imgur.com/ltFYgcE.jpg'),
(326, 17, 'https://i.imgur.com/fHdnn7i.jpg'),
(327, 17, 'https://i.imgur.com/3AlPpQZ.jpg'),
(328, 17, 'https://i.imgur.com/LwFIr0H.jpg'),
(329, 17, 'https://i.imgur.com/jHorb2p.jpg'),
(330, 17, 'https://i.imgur.com/Ybz8Gcy.jpg'),
(331, 17, 'https://i.imgur.com/UrvIcLd.jpg'),
(332, 17, 'https://i.imgur.com/pADKjBx.jpg'),
(333, 17, 'https://i.imgur.com/8qqsrs5.jpg'),
(334, 17, 'https://i.imgur.com/iSeIGn4.jpg'),
(335, 17, 'https://i.imgur.com/3OT9DBL.jpg'),
(336, 17, 'https://i.imgur.com/q6Ffaps.jpg'),
(337, 17, 'https://i.imgur.com/LNBJSy1.jpg'),
(338, 17, 'https://i.imgur.com/06YBPwP.jpg'),
(339, 17, 'https://i.imgur.com/CfagAJ4.jpg'),
(340, 17, 'https://i.imgur.com/fSxykUz.jpg'),
(341, 17, 'https://i.imgur.com/4JelTn3.jpg'),
(342, 17, 'https://i.imgur.com/P1GgO0G.jpg'),
(343, 17, 'https://i.imgur.com/dQOW4yM.jpg'),
(344, 17, 'https://i.imgur.com/H3hOWff.jpg'),
(345, 18, 'https://i.imgur.com/diPCeQk.jpg'),
(346, 18, 'https://i.imgur.com/o01ye5I.jpg'),
(347, 18, 'https://i.imgur.com/OevihoX.jpg'),
(348, 18, 'https://i.imgur.com/4mLPbuW.jpg'),
(349, 18, 'https://i.imgur.com/1lb4tZf.jpg'),
(350, 18, 'https://i.imgur.com/bSF8mw2.jpg'),
(351, 18, 'https://i.imgur.com/v7qOhIc.jpg'),
(352, 18, 'https://i.imgur.com/KnQdV1c.jpg'),
(353, 18, 'https://i.imgur.com/gN0gL0n.jpg'),
(354, 18, 'https://i.imgur.com/cWKbVJJ.jpg'),
(355, 18, 'https://i.imgur.com/4UgkdrW.jpg'),
(356, 18, 'https://i.imgur.com/xvzTOdd.jpg'),
(357, 18, 'https://i.imgur.com/1iYPth9.jpg'),
(358, 18, 'https://i.imgur.com/D68VFMM.jpg'),
(359, 18, 'https://i.imgur.com/IGTsVFR.jpg'),
(360, 18, 'https://i.imgur.com/EGm791L.jpg'),
(361, 18, 'https://i.imgur.com/xWHwwb3.jpg'),
(362, 18, 'https://i.imgur.com/2b9gZXT.jpg'),
(363, 18, 'https://i.imgur.com/RJTso4j.jpg'),
(364, 18, 'https://i.imgur.com/asxNvDX.jpg'),
(365, 18, 'https://i.imgur.com/u21q3wT.jpg'),
(366, 18, 'https://i.imgur.com/GzxQsuz.jpg'),
(367, 18, 'https://i.imgur.com/3JA62VB.jpg'),
(368, 18, 'https://i.imgur.com/DUEuSs6.jpg'),
(369, 18, 'https://i.imgur.com/3JC5R1w.jpg'),
(370, 18, 'https://i.imgur.com/oUVUMxC.jpg'),
(371, 18, 'https://i.imgur.com/pq5ZhSv.jpg'),
(372, 18, 'https://i.imgur.com/XjZzRFk.jpg'),
(373, 18, 'https://i.imgur.com/g0upojw.jpg'),
(374, 18, 'https://i.imgur.com/CejEqAm.jpg'),
(375, 18, 'https://i.imgur.com/uCVqlzn.jpg'),
(376, 18, 'https://i.imgur.com/5aV2tXP.jpg'),
(377, 18, 'https://i.imgur.com/iDWSNgU.jpg'),
(378, 18, 'https://i.imgur.com/hGoS4rh.jpg'),
(379, 18, 'https://i.imgur.com/M1eYDMn.jpg'),
(380, 18, 'https://i.imgur.com/8DRhOPY.jpg'),
(381, 18, 'https://i.imgur.com/ASXRPlr.jpg'),
(382, 19, 'https://i.imgur.com/7jAKxjE.jpg'),
(383, 19, 'https://i.imgur.com/Yp1J84k.jpg'),
(384, 19, 'https://i.imgur.com/jeuk4nZ.jpg'),
(385, 19, 'https://i.imgur.com/JuS44Pu.jpg'),
(386, 19, 'https://i.imgur.com/Gmr8gRE.jpg'),
(387, 19, 'https://i.imgur.com/RG40gkl.jpg'),
(388, 19, 'https://i.imgur.com/RZCVqVE.jpg'),
(389, 19, 'https://i.imgur.com/KhXe2jA.jpg'),
(390, 19, 'https://i.imgur.com/6GNf0Z1.jpg'),
(391, 19, 'https://i.imgur.com/LxRaedq.jpg'),
(392, 19, 'https://i.imgur.com/8XkWunh.jpg'),
(393, 19, 'https://i.imgur.com/586tJ88.jpg'),
(394, 19, 'https://i.imgur.com/Hbz1kIh.jpg'),
(395, 19, 'https://i.imgur.com/3GI7D2P.jpg'),
(396, 19, 'https://i.imgur.com/I4PBYDy.jpg'),
(397, 19, 'https://i.imgur.com/V6mHzio.jpg'),
(398, 19, 'https://i.imgur.com/YgscSBH.jpg'),
(399, 19, 'https://i.imgur.com/8DdDG2Z.jpg'),
(400, 19, 'https://i.imgur.com/JZG0MRR.jpg'),
(401, 19, 'https://i.imgur.com/IFOKGhQ.jpg'),
(402, 19, 'https://i.imgur.com/D6dS9qD.jpg'),
(403, 19, 'https://i.imgur.com/gwKi1zu.jpg'),
(404, 19, 'https://i.imgur.com/R5SFvhj.jpg'),
(405, 19, 'https://i.imgur.com/EbhQ7TD.jpg'),
(406, 19, 'https://i.imgur.com/HgAg4Be.jpg'),
(407, 19, 'https://i.imgur.com/sBSVeSX.jpg'),
(408, 19, 'https://i.imgur.com/cAMKY9d.jpg'),
(409, 19, 'https://i.imgur.com/CAtfYXz.jpg'),
(410, 19, 'https://i.imgur.com/BYDm4wh.jpg'),
(411, 19, 'https://i.imgur.com/3YMIoRO.jpg'),
(412, 19, 'https://i.imgur.com/JaoToPm.jpg'),
(413, 19, 'https://i.imgur.com/idFKOGK.jpg'),
(414, 19, 'https://i.imgur.com/4ogL1LN.jpg'),
(415, 19, 'https://i.imgur.com/XMZVdLO.jpg'),
(416, 19, 'https://i.imgur.com/aPyW3oG.jpg'),
(417, 19, 'https://i.imgur.com/BUYBxvJ.jpg'),
(418, 19, 'https://i.imgur.com/fVsT41s.jpg'),
(419, 19, 'https://i.imgur.com/zSQPRVJ.jpg'),
(420, 19, 'https://i.imgur.com/GRP4yfe.jpg'),
(421, 19, 'https://i.imgur.com/hMCOFTx.jpg'),
(422, 19, 'https://i.imgur.com/bMD3uB4.jpg'),
(423, 20, 'https://i.imgur.com/62kb3oO.jpg'),
(424, 20, 'https://i.imgur.com/FOs8nx4.jpg'),
(425, 20, 'https://i.imgur.com/u7dflNo.jpg'),
(426, 20, 'https://i.imgur.com/syf84Ft.jpg'),
(427, 20, 'https://i.imgur.com/4f9uWCJ.jpg'),
(428, 20, 'https://i.imgur.com/jsMAhL6.jpg'),
(429, 20, 'https://i.imgur.com/Jz8lejE.jpg'),
(430, 20, 'https://i.imgur.com/BLbyfNU.jpg'),
(431, 20, 'https://i.imgur.com/6yw58Hp.jpg'),
(432, 20, 'https://i.imgur.com/zHcfrri.jpg'),
(433, 20, 'https://i.imgur.com/z66YIHq.jpg'),
(434, 20, 'https://i.imgur.com/C3zlCyQ.jpg'),
(435, 20, 'https://i.imgur.com/pawzx0r.jpg'),
(436, 20, 'https://i.imgur.com/N5GZvlJ.jpg'),
(437, 20, 'https://i.imgur.com/oAuB38o.jpg'),
(438, 20, 'https://i.imgur.com/ZATAhmP.jpg'),
(439, 20, 'https://i.imgur.com/tWqYAxq.jpg'),
(440, 20, 'https://i.imgur.com/cx5PIec.jpg'),
(441, 20, 'https://i.imgur.com/SHu51Hn.jpg'),
(442, 20, 'https://i.imgur.com/yHBQwji.jpg'),
(443, 20, 'https://i.imgur.com/gwJSyyv.jpg'),
(444, 20, 'https://i.imgur.com/3JjDHBd.jpg'),
(445, 20, 'https://i.imgur.com/PjR7bNj.jpg'),
(446, 20, 'https://i.imgur.com/PWYWzaN.jpg'),
(447, 20, 'https://i.imgur.com/B0ABjPc.jpg'),
(448, 20, 'https://i.imgur.com/JRDL7ig.jpg'),
(449, 20, 'https://i.imgur.com/Y5YIvD3.jpg'),
(450, 20, 'https://i.imgur.com/CqMQ52L.jpg'),
(451, 20, 'https://i.imgur.com/PR214dd.jpg'),
(452, 20, 'https://i.imgur.com/s8mXYvk.jpg'),
(453, 20, 'https://i.imgur.com/NpoSYEY.jpg'),
(454, 20, 'https://i.imgur.com/l141jHO.jpg'),
(455, 20, 'https://i.imgur.com/RWUNCQ5.jpg'),
(456, 20, 'https://i.imgur.com/3SmG7tH.jpg'),
(457, 20, 'https://i.imgur.com/Kj9Kvsh.jpg'),
(458, 20, 'https://i.imgur.com/FL6Ts5F.jpg'),
(459, 20, 'https://i.imgur.com/ZYM1E8s.jpg'),
(460, 20, 'https://i.imgur.com/MtJgzkr.jpg'),
(461, 20, 'https://i.imgur.com/rFth1Bh.jpg'),
(462, 21, 'https://i.imgur.com/JW8JxWA.jpg'),
(463, 21, 'https://i.imgur.com/P4VyLou.jpg'),
(464, 21, 'https://i.imgur.com/GjZrbiC.jpg'),
(465, 21, 'https://i.imgur.com/85qbFGo.jpg'),
(466, 21, 'https://i.imgur.com/tx9LpeM.jpg'),
(467, 21, 'https://i.imgur.com/yk37lPC.jpg'),
(468, 21, 'https://i.imgur.com/2xAxiqT.jpg'),
(469, 21, 'https://i.imgur.com/frUdZt8.jpg'),
(470, 21, 'https://i.imgur.com/zds40n7.jpg'),
(471, 21, 'https://i.imgur.com/rF9os6n.jpg'),
(472, 21, 'https://i.imgur.com/5fDupsx.jpg'),
(473, 21, 'https://i.imgur.com/zbedcEo.jpg'),
(474, 21, 'https://i.imgur.com/IjKwYYs.jpg'),
(475, 21, 'https://i.imgur.com/RCBJQkF.jpg'),
(476, 21, 'https://i.imgur.com/wGBcYKh.jpg'),
(477, 21, 'https://i.imgur.com/e7T1oF6.jpg'),
(478, 21, 'https://i.imgur.com/L68gCwB.jpg'),
(479, 21, 'https://i.imgur.com/zQzRcg6.jpg'),
(480, 21, 'https://i.imgur.com/Z6p8Hv4.jpg'),
(481, 21, 'https://i.imgur.com/GSyhDRK.jpg'),
(482, 21, 'https://i.imgur.com/YFOfwXR.jpg'),
(483, 21, 'https://i.imgur.com/NUs7aG2.jpg'),
(484, 21, 'https://i.imgur.com/sukKdqu.jpg'),
(485, 21, 'https://i.imgur.com/BrQXdLE.jpg'),
(486, 21, 'https://i.imgur.com/3RejrEe.jpg'),
(487, 21, 'https://i.imgur.com/rAXemEF.jpg'),
(488, 21, 'https://i.imgur.com/rFaD4tQ.jpg'),
(489, 21, 'https://i.imgur.com/8CDaKym.jpg'),
(490, 21, 'https://i.imgur.com/eKIKMc1.jpg'),
(491, 21, 'https://i.imgur.com/UkPb794.jpg'),
(492, 21, 'https://i.imgur.com/ijfzZV7.jpg'),
(493, 21, 'https://i.imgur.com/OufcvnM.jpg'),
(494, 21, 'https://i.imgur.com/VRZOiTp.jpg'),
(495, 21, 'https://i.imgur.com/QdmzqvG.jpg'),
(496, 21, 'https://i.imgur.com/h08tLc7.jpg'),
(497, 21, 'https://i.imgur.com/x9bwtHF.jpg'),
(498, 21, 'https://i.imgur.com/GBxwsDy.jpg'),
(499, 21, 'https://i.imgur.com/9IVMJhE.jpg'),
(500, 21, 'https://i.imgur.com/tXsmAdd.jpg'),
(501, 21, 'https://i.imgur.com/oC8bTmz.jpg'),
(502, 21, 'https://i.imgur.com/4ZmOpt8.jpg'),
(503, 21, 'https://i.imgur.com/9c7gY0j.jpg'),
(504, 21, 'https://i.imgur.com/Lg4NZmc.jpg'),
(505, 21, 'https://i.imgur.com/3DygHCt.jpg'),
(506, 21, 'https://i.imgur.com/cyMjhvQ.jpg'),
(507, 21, 'https://i.imgur.com/497dAxi.jpg'),
(508, 21, 'https://i.imgur.com/6dvQJqC.jpg'),
(509, 21, 'https://i.imgur.com/neL49vF.jpg'),
(510, 21, 'https://i.imgur.com/rXKGXWv.jpg'),
(511, 21, 'https://i.imgur.com/Y4HG3dp.jpg'),
(512, 21, 'https://i.imgur.com/5Piwr95.jpg'),
(513, 21, 'https://i.imgur.com/EncNKXd.jpg'),
(514, 21, 'https://i.imgur.com/dFWGArA.jpg'),
(515, 21, 'https://i.imgur.com/FPlwOdA.jpg'),
(516, 21, 'https://i.imgur.com/PxpwAYB.jpg'),
(517, 21, 'https://i.imgur.com/V3V0yq9.jpg'),
(518, 21, 'https://i.imgur.com/Q7fx5oZ.jpg'),
(519, 21, 'https://i.imgur.com/VvcaKVA.jpg'),
(520, 21, 'https://i.imgur.com/W9LLvg6.jpg'),
(521, 21, 'https://i.imgur.com/1LaCNmC.jpg'),
(522, 21, 'https://i.imgur.com/2cKZYn3.jpg'),
(523, 21, 'https://i.imgur.com/905sR1K.jpg'),
(524, 21, 'https://i.imgur.com/2aXFnca.jpg'),
(525, 21, 'https://i.imgur.com/q2g5iuK.jpg'),
(526, 21, 'https://i.imgur.com/4fLi7dl.jpg'),
(527, 21, 'https://i.imgur.com/WU1cyJ0.jpg'),
(528, 21, 'https://i.imgur.com/ebarpmi.jpg'),
(529, 21, 'https://i.imgur.com/rIHVwXW.jpg'),
(530, 21, 'https://i.imgur.com/Q5HrYY4.jpg'),
(531, 21, 'https://i.imgur.com/5pRqhQv.jpg'),
(532, 21, 'https://i.imgur.com/zuaoEjt.jpg'),
(533, 21, 'https://i.imgur.com/DtyCr7X.jpg'),
(534, 21, 'https://i.imgur.com/mQiKG9S.jpg'),
(535, 21, 'https://i.imgur.com/DVE4jQI.jpg'),
(536, 21, 'https://i.imgur.com/9hevlbk.jpg'),
(537, 21, 'https://i.imgur.com/K4ithZF.jpg'),
(538, 21, 'https://i.imgur.com/WwtVEY9.jpg'),
(539, 21, 'https://i.imgur.com/FOzEPzW.jpg'),
(540, 21, 'https://i.imgur.com/x3041Vk.jpg'),
(541, 21, 'https://i.imgur.com/LeXbc1u.jpg'),
(542, 21, 'https://i.imgur.com/BdsIVKi.jpg'),
(543, 21, 'https://i.imgur.com/ykoDE6e.jpg'),
(544, 21, 'https://i.imgur.com/OoHSbPN.jpg'),
(545, 21, 'https://i.imgur.com/QKBE8vT.jpg'),
(546, 21, 'https://i.imgur.com/1hq5mBV.jpg'),
(547, 21, 'https://i.imgur.com/wvUROPy.jpg'),
(548, 21, 'https://i.imgur.com/kRIuViU.jpg'),
(549, 21, 'https://i.imgur.com/mnbLswa.jpg'),
(550, 21, 'https://i.imgur.com/rv1xjvd.jpg'),
(551, 21, 'https://i.imgur.com/G1ZGaU4.jpg'),
(552, 21, 'https://i.imgur.com/Yamziem.jpg'),
(553, 21, 'https://i.imgur.com/IIdqWJZ.jpg'),
(554, 21, 'https://i.imgur.com/onoDgpD.jpg'),
(555, 21, 'https://i.imgur.com/ser18gN.jpg'),
(556, 21, 'https://i.imgur.com/ukmCyJo.jpg'),
(557, 21, 'https://i.imgur.com/pDh7F6V.jpg'),
(558, 21, 'https://i.imgur.com/f0NX8gT.jpg'),
(559, 21, 'https://i.imgur.com/9SHMcWc.jpg'),
(560, 21, 'https://i.imgur.com/IsmJxeL.jpg'),
(561, 21, 'https://i.imgur.com/BrFYfZb.jpg'),
(562, 21, 'https://i.imgur.com/xdZws0W.jpg'),
(563, 21, 'https://i.imgur.com/SSKX3w5.jpg'),
(564, 21, 'https://i.imgur.com/cVMGIZ9.jpg'),
(565, 21, 'https://i.imgur.com/Icf9zX0.jpg'),
(566, 21, 'https://i.imgur.com/tX6c2H1.jpg'),
(567, 21, 'https://i.imgur.com/arnZiEy.jpg'),
(568, 21, 'https://i.imgur.com/oEV9lXi.jpg'),
(569, 21, 'https://i.imgur.com/g3w1B3j.jpg'),
(570, 22, 'https://i.imgur.com/0SkILWV.jpg'),
(571, 22, 'https://i.imgur.com/vWLzgLu.jpg'),
(572, 22, 'https://i.imgur.com/dk81EdJ.jpg'),
(573, 22, 'https://i.imgur.com/Yb8d8ix.jpg'),
(574, 22, 'https://i.imgur.com/g2lquLY.jpg'),
(575, 22, 'https://i.imgur.com/1cEDvhM.jpg'),
(576, 22, 'https://i.imgur.com/QlkOMXL.jpg'),
(577, 22, 'https://i.imgur.com/JRJdvm2.jpg'),
(578, 22, 'https://i.imgur.com/upemez0.jpg'),
(579, 22, 'https://i.imgur.com/HtbW8Nf.jpg'),
(580, 22, 'https://i.imgur.com/UAcqT2m.jpg'),
(581, 22, 'https://i.imgur.com/TQNcSgB.jpg'),
(582, 22, 'https://i.imgur.com/Fx5vvu4.jpg'),
(583, 22, 'https://i.imgur.com/FH7QIwM.jpg'),
(584, 22, 'https://i.imgur.com/utWfmJf.jpg'),
(585, 22, 'https://i.imgur.com/vqtg5kN.jpg'),
(586, 22, 'https://i.imgur.com/QlLoNaz.jpg'),
(587, 22, 'https://i.imgur.com/3CIznji.jpg'),
(588, 22, 'https://i.imgur.com/XgqMHW9.jpg'),
(589, 22, 'https://i.imgur.com/aPlIUm1.jpg'),
(590, 22, 'https://i.imgur.com/KMGIQlZ.jpg'),
(591, 22, 'https://i.imgur.com/FZCrtYe.jpg'),
(592, 22, 'https://i.imgur.com/txSOQzs.jpg'),
(593, 22, 'https://i.imgur.com/J31OOFW.jpg'),
(594, 22, 'https://i.imgur.com/LhEJumY.jpg'),
(595, 22, 'https://i.imgur.com/TRWC2oj.jpg'),
(596, 22, 'https://i.imgur.com/u9PRLrb.jpg'),
(597, 22, 'https://i.imgur.com/UZEUt3H.jpg'),
(598, 22, 'https://i.imgur.com/KJeW45H.jpg'),
(599, 22, 'https://i.imgur.com/3N8WlW4.jpg'),
(600, 22, 'https://i.imgur.com/yrBJE5a.jpg'),
(601, 22, 'https://i.imgur.com/0MBxs6d.jpg'),
(602, 22, 'https://i.imgur.com/DSgvsNA.jpg'),
(603, 22, 'https://i.imgur.com/l7zkX9y.jpg'),
(604, 22, 'https://i.imgur.com/N8ikfDF.jpg'),
(605, 22, 'https://i.imgur.com/Ga33KTj.jpg'),
(606, 22, 'https://i.imgur.com/u3z0KP9.jpg'),
(607, 22, 'https://i.imgur.com/S6WAVdC.jpg'),
(608, 22, 'https://i.imgur.com/AXwgrC6.jpg'),
(609, 22, 'https://i.imgur.com/BIp88bK.jpg'),
(610, 22, 'https://i.imgur.com/HUjyUXW.jpg'),
(611, 22, 'https://i.imgur.com/imjQK7D.jpg'),
(612, 22, 'https://i.imgur.com/Y1PWWcr.jpg'),
(613, 22, 'https://i.imgur.com/ds7WkHY.jpg'),
(614, 22, 'https://i.imgur.com/gXaAOP1.jpg'),
(615, 22, 'https://i.imgur.com/nSPV44z.jpg'),
(616, 22, 'https://i.imgur.com/OY3w3zp.jpg'),
(617, 22, 'https://i.imgur.com/W05C2hC.jpg'),
(618, 22, 'https://i.imgur.com/TPcNJCz.jpg'),
(619, 22, 'https://i.imgur.com/66N312t.jpg'),
(620, 22, 'https://i.imgur.com/fFQiJ9Z.jpg'),
(621, 22, 'https://i.imgur.com/5o2XkXr.jpg'),
(622, 22, 'https://i.imgur.com/pg2jeww.jpg'),
(623, 22, 'https://i.imgur.com/RCIBsxB.jpg'),
(624, 22, 'https://i.imgur.com/M51I6KN.jpg'),
(625, 22, 'https://i.imgur.com/6U7YsoP.jpg'),
(626, 22, 'https://i.imgur.com/OStGv32.jpg'),
(627, 22, 'https://i.imgur.com/9W3T3cE.jpg'),
(628, 22, 'https://i.imgur.com/XyM0H4v.jpg'),
(629, 22, 'https://i.imgur.com/brQh0JZ.jpg'),
(630, 22, 'https://i.imgur.com/0dDKA7k.jpg'),
(631, 22, 'https://i.imgur.com/DwHNB2Q.jpg'),
(632, 22, 'https://i.imgur.com/v7AaDXd.jpg'),
(633, 22, 'https://i.imgur.com/xLRgF6U.jpg'),
(634, 22, 'https://i.imgur.com/Dg7LxcM.jpg'),
(635, 22, 'https://i.imgur.com/pc1a5fU.jpg'),
(636, 22, 'https://i.imgur.com/5H3Mm16.jpg'),
(637, 22, 'https://i.imgur.com/ALqljrR.jpg'),
(638, 22, 'https://i.imgur.com/dlt32vr.jpg'),
(639, 22, 'https://i.imgur.com/P04jqRm.jpg'),
(640, 22, 'https://i.imgur.com/RIfdFzv.jpg'),
(641, 22, 'https://i.imgur.com/JVMojjr.jpg'),
(642, 22, 'https://i.imgur.com/H61gXwJ.jpg'),
(643, 22, 'https://i.imgur.com/7Mt4ASO.jpg'),
(644, 22, 'https://i.imgur.com/KyUspoX.jpg'),
(645, 22, 'https://i.imgur.com/c4mrz8G.jpg'),
(646, 22, 'https://i.imgur.com/s4yLoHg.jpg'),
(647, 22, 'https://i.imgur.com/vslCxS9.jpg'),
(648, 22, 'https://i.imgur.com/C0omajI.jpg'),
(649, 22, 'https://i.imgur.com/5Mz96LW.jpg'),
(650, 22, 'https://i.imgur.com/yG9aDTR.jpg'),
(651, 22, 'https://i.imgur.com/vcxHwFq.jpg'),
(652, 22, 'https://i.imgur.com/671ks9P.jpg'),
(653, 22, 'https://i.imgur.com/95lzDHp.jpg'),
(654, 22, 'https://i.imgur.com/o5aqyTL.jpg'),
(655, 22, 'https://i.imgur.com/icNmAgs.jpg'),
(656, 22, 'https://i.imgur.com/n9Fq73M.jpg'),
(657, 22, 'https://i.imgur.com/iDDKRmh.jpg'),
(658, 22, 'https://i.imgur.com/iltiTto.jpg'),
(659, 22, 'https://i.imgur.com/zJJkAJS.jpg'),
(660, 23, 'https://i.imgur.com/ibazARv.jpg'),
(661, 23, 'https://i.imgur.com/TK3Yz6b.jpg'),
(662, 23, 'https://i.imgur.com/OigL3Zg.jpg'),
(663, 23, 'https://i.imgur.com/zOcHH1B.jpg'),
(664, 23, 'https://i.imgur.com/7zAxAhS.jpg'),
(665, 23, 'https://i.imgur.com/smQ929r.jpg'),
(666, 24, 'https://i.imgur.com/ASc9s1U.jpg'),
(667, 24, 'https://i.imgur.com/cIe2izB.jpg'),
(668, 24, 'https://i.imgur.com/eCcONuv.jpg'),
(669, 24, 'https://i.imgur.com/sH24FXM.jpg'),
(670, 24, 'https://i.imgur.com/uUadPlt.jpg'),
(671, 24, 'https://i.imgur.com/uO2QeTt.jpg'),
(672, 25, 'https://i.imgur.com/tGoDsJf.jpg'),
(673, 25, 'https://i.imgur.com/JcKYyxU.jpg'),
(674, 25, 'https://i.imgur.com/yq92czw.jpg'),
(675, 25, 'https://i.imgur.com/RchT4Nh.jpg'),
(676, 25, 'https://i.imgur.com/d57HzFU.jpg'),
(677, 25, 'https://i.imgur.com/PLlFPJR.jpg'),
(678, 25, 'https://i.imgur.com/uCnzs8G.jpg'),
(679, 25, 'https://i.imgur.com/4C52lLG.jpg'),
(680, 25, 'https://i.imgur.com/Bz77yrC.jpg'),
(681, 25, 'https://i.imgur.com/OxFCh6x.jpg'),
(682, 25, 'https://i.imgur.com/rJjgxD6.jpg'),
(683, 25, 'https://i.imgur.com/0zNJVHG.jpg'),
(684, 25, 'https://i.imgur.com/R775Wi3.jpg'),
(685, 25, 'https://i.imgur.com/RktUlrZ.jpg'),
(686, 25, 'https://i.imgur.com/8mhMd2v.jpg'),
(687, 25, 'https://i.imgur.com/mpfOAXE.jpg'),
(688, 25, 'https://i.imgur.com/wVeYmgj.jpg'),
(689, 25, 'https://i.imgur.com/mrb6H2a.jpg'),
(690, 25, 'https://i.imgur.com/xU5Dch9.jpg'),
(691, 25, 'https://i.imgur.com/E3uFBHT.jpg'),
(692, 25, 'https://i.imgur.com/G4rXTxh.jpg'),
(693, 25, 'https://i.imgur.com/OUxRUFm.jpg'),
(694, 25, 'https://i.imgur.com/OnOgqC1.jpg'),
(695, 25, 'https://i.imgur.com/BCH6SL8.jpg'),
(696, 25, 'https://i.imgur.com/tmGscGG.jpg'),
(697, 25, 'https://i.imgur.com/n4idnuM.jpg'),
(698, 25, 'https://i.imgur.com/rNzyQuQ.jpg'),
(699, 25, 'https://i.imgur.com/6J8H7Hq.jpg'),
(700, 25, 'https://i.imgur.com/uZPfLyC.jpg'),
(701, 25, 'https://i.imgur.com/89ZNLCn.jpg'),
(702, 25, 'https://i.imgur.com/96WzZFq.jpg'),
(703, 25, 'https://i.imgur.com/kpQQdmU.jpg'),
(704, 25, 'https://i.imgur.com/r5AFUrK.jpg'),
(705, 25, 'https://i.imgur.com/YO2IstH.jpg'),
(706, 25, 'https://i.imgur.com/KsX8UgT.jpg'),
(707, 25, 'https://i.imgur.com/VeJpFxV.jpg'),
(708, 25, 'https://i.imgur.com/Ibyk5py.jpg'),
(709, 25, 'https://i.imgur.com/dKaDdE4.jpg'),
(710, 25, 'https://i.imgur.com/5XcuWgt.jpg'),
(711, 25, 'https://i.imgur.com/SXFDQQe.jpg'),
(712, 25, 'https://i.imgur.com/i9J2UgX.jpg'),
(713, 25, 'https://i.imgur.com/B1qg4PO.jpg'),
(714, 25, 'https://i.imgur.com/i58Kbcp.jpg'),
(715, 25, 'https://i.imgur.com/cWpAVp3.jpg'),
(716, 25, 'https://i.imgur.com/tV9qR5I.jpg'),
(717, 25, 'https://i.imgur.com/SAuTnQu.jpg'),
(718, 25, 'https://i.imgur.com/yl0PB0p.jpg'),
(719, 25, 'https://i.imgur.com/6OzVlL8.jpg'),
(720, 25, 'https://i.imgur.com/qzUzehz.jpg'),
(721, 25, 'https://i.imgur.com/nZgESsV.jpg'),
(722, 25, 'https://i.imgur.com/WX5DbKi.jpg'),
(723, 25, 'https://i.imgur.com/CjAgn49.jpg'),
(724, 25, 'https://i.imgur.com/eiWLkgl.jpg'),
(725, 25, 'https://i.imgur.com/MsMxH9g.jpg'),
(726, 25, 'https://i.imgur.com/r1x3veC.jpg'),
(727, 25, 'https://i.imgur.com/KTNdujG.jpg'),
(728, 25, 'https://i.imgur.com/HEVpBmt.jpg'),
(729, 25, 'https://i.imgur.com/QUaKH5c.jpg'),
(730, 25, 'https://i.imgur.com/vmuyCim.jpg'),
(731, 25, 'https://i.imgur.com/CFSrSff.jpg'),
(732, 25, 'https://i.imgur.com/qAiepBt.jpg'),
(733, 25, 'https://i.imgur.com/T58qyE6.jpg'),
(734, 25, 'https://i.imgur.com/SA72Ztm.jpg'),
(735, 25, 'https://i.imgur.com/lniXJSj.jpg'),
(736, 25, 'https://i.imgur.com/SSe6WrZ.jpg'),
(737, 25, 'https://i.imgur.com/aOeO4cS.jpg'),
(738, 25, 'https://i.imgur.com/NLcLB3H.jpg'),
(739, 25, 'https://i.imgur.com/iG7xz6q.jpg'),
(740, 25, 'https://i.imgur.com/o5CgHY2.jpg'),
(741, 25, 'https://i.imgur.com/e9t18Bd.jpg'),
(742, 25, 'https://i.imgur.com/Yrt0s1r.jpg'),
(743, 25, 'https://i.imgur.com/XYF1qNz.jpg'),
(744, 25, 'https://i.imgur.com/EGvU5Rx.jpg'),
(745, 25, 'https://i.imgur.com/57CuBQ0.jpg'),
(746, 25, 'https://i.imgur.com/2RbyWE5.jpg'),
(747, 25, 'https://i.imgur.com/qzDW0qK.jpg'),
(748, 25, 'https://i.imgur.com/qCwFGmf.jpg'),
(749, 25, 'https://i.imgur.com/1MLYN4o.jpg'),
(750, 25, 'https://i.imgur.com/vQsQZX7.jpg'),
(751, 25, 'https://i.imgur.com/A9GntSL.jpg'),
(752, 25, 'https://i.imgur.com/oYrVZLL.jpg'),
(753, 25, 'https://i.imgur.com/78sOSnv.jpg'),
(754, 25, 'https://i.imgur.com/X6Hr0Gh.jpg'),
(755, 25, 'https://i.imgur.com/z74IMu4.jpg'),
(756, 25, 'https://i.imgur.com/iyUxaJa.jpg'),
(757, 25, 'https://i.imgur.com/b7wuJef.jpg'),
(758, 25, 'https://i.imgur.com/s1Hs6Ca.jpg'),
(759, 25, 'https://i.imgur.com/I6ml7Et.jpg'),
(760, 25, 'https://i.imgur.com/4xIvLdV.jpg'),
(761, 25, 'https://i.imgur.com/f2aqqkb.jpg'),
(762, 25, 'https://i.imgur.com/0FPur19.jpg'),
(763, 25, 'https://i.imgur.com/3lJUt6M.jpg'),
(764, 25, 'https://i.imgur.com/tERQhE5.jpg'),
(765, 25, 'https://i.imgur.com/ykq60b8.jpg'),
(766, 25, 'https://i.imgur.com/MgMXQuF.jpg'),
(767, 25, 'https://i.imgur.com/Ahb24Uo.jpg'),
(768, 25, 'https://i.imgur.com/7lk4zCo.jpg'),
(769, 25, 'https://i.imgur.com/QIDlxyX.jpg'),
(770, 25, 'https://i.imgur.com/a3MTbCG.jpg'),
(771, 25, 'https://i.imgur.com/iLiW9sU.jpg'),
(772, 25, 'https://i.imgur.com/IoJhKKi.jpg'),
(773, 25, 'https://i.imgur.com/uSX7i4r.jpg'),
(774, 25, 'https://i.imgur.com/Dn10zez.jpg'),
(775, 25, 'https://i.imgur.com/Fu3rFBO.jpg'),
(776, 25, 'https://i.imgur.com/IqgM5eE.jpg'),
(777, 25, 'https://i.imgur.com/P8CKsYX.jpg'),
(778, 25, 'https://i.imgur.com/HIkS5iV.jpg'),
(779, 25, 'https://i.imgur.com/rpwXwZi.jpg'),
(780, 25, 'https://i.imgur.com/NYHTSqS.jpg'),
(781, 25, 'https://i.imgur.com/gO3ridQ.jpg'),
(782, 25, 'https://i.imgur.com/6AeaHjm.jpg'),
(783, 25, 'https://i.imgur.com/xAmgto4.jpg'),
(784, 25, 'https://i.imgur.com/x99GEna.jpg'),
(785, 25, 'https://i.imgur.com/IdadpOc.jpg'),
(786, 25, 'https://i.imgur.com/I0xqjdU.jpg'),
(787, 25, 'https://i.imgur.com/V38ULGg.jpg'),
(788, 25, 'https://i.imgur.com/595WWrB.jpg'),
(789, 25, 'https://i.imgur.com/Cya5BAA.jpg'),
(790, 25, 'https://i.imgur.com/sERfbnZ.jpg'),
(791, 25, 'https://i.imgur.com/TQqoL6c.jpg'),
(792, 25, 'https://i.imgur.com/fThvrkK.jpg'),
(793, 25, 'https://i.imgur.com/8QE1Eez.jpg'),
(794, 25, 'https://i.imgur.com/v7LbNt4.jpg'),
(795, 25, 'https://i.imgur.com/86p4x05.jpg'),
(796, 25, 'https://i.imgur.com/5M1PTtA.jpg'),
(797, 25, 'https://i.imgur.com/hxFVVEC.jpg'),
(798, 25, 'https://i.imgur.com/orzUuEX.jpg'),
(799, 25, 'https://i.imgur.com/bGueSIO.jpg'),
(800, 25, 'https://i.imgur.com/jIQEsDa.jpg'),
(801, 26, 'https://i.imgur.com/KJP2RNC.jpg'),
(802, 26, 'https://i.imgur.com/0AcMywD.jpg'),
(803, 26, 'https://i.imgur.com/KmMTKKk.jpg'),
(804, 26, 'https://i.imgur.com/VEi38P6.jpg'),
(805, 26, 'https://i.imgur.com/1VNUoYX.jpg'),
(806, 26, 'https://i.imgur.com/DbDdA4c.jpg'),
(807, 26, 'https://i.imgur.com/laa23jK.jpg'),
(808, 26, 'https://i.imgur.com/Uu1K2K7.jpg'),
(809, 26, 'https://i.imgur.com/iquYI9L.jpg'),
(810, 26, 'https://i.imgur.com/ttBHxDj.jpg'),
(811, 26, 'https://i.imgur.com/oEFDTTA.jpg'),
(812, 26, 'https://i.imgur.com/5gUoVXz.jpg'),
(813, 26, 'https://i.imgur.com/Hj6qAxk.jpg'),
(814, 26, 'https://i.imgur.com/hwpbpSc.jpg'),
(815, 26, 'https://i.imgur.com/fMiE4jn.jpg'),
(816, 26, 'https://i.imgur.com/g5eBzg2.jpg'),
(817, 26, 'https://i.imgur.com/sQyXB0X.jpg'),
(818, 26, 'https://i.imgur.com/Tb6U30Y.jpg'),
(819, 26, 'https://i.imgur.com/HayLUzv.jpg'),
(820, 26, 'https://i.imgur.com/sHYj210.jpg'),
(821, 26, 'https://i.imgur.com/Wdykf4v.jpg'),
(822, 26, 'https://i.imgur.com/Estu5tY.jpg'),
(823, 26, 'https://i.imgur.com/QXCtX7I.jpg'),
(824, 26, 'https://i.imgur.com/TTHkvp9.jpg'),
(825, 26, 'https://i.imgur.com/oAYvuDu.jpg'),
(826, 26, 'https://i.imgur.com/ZrP8Cpe.jpg'),
(827, 26, 'https://i.imgur.com/PVIuaYx.jpg'),
(828, 26, 'https://i.imgur.com/XE8h6Ks.jpg'),
(829, 26, 'https://i.imgur.com/KcLhtBA.jpg'),
(830, 26, 'https://i.imgur.com/cCUGewL.jpg'),
(831, 26, 'https://i.imgur.com/wmnNbFg.jpg'),
(832, 26, 'https://i.imgur.com/3o0OBEn.jpg'),
(833, 26, 'https://i.imgur.com/9ii6e4n.jpg'),
(834, 26, 'https://i.imgur.com/ybWgXey.jpg'),
(835, 26, 'https://i.imgur.com/fpUcu35.jpg'),
(836, 26, 'https://i.imgur.com/RAiT9sI.jpg'),
(837, 26, 'https://i.imgur.com/tkKfJHZ.jpg'),
(838, 26, 'https://i.imgur.com/Cjx5W3Y.jpg'),
(839, 26, 'https://i.imgur.com/vmCbgtO.jpg'),
(840, 26, 'https://i.imgur.com/EM9ZER8.jpg'),
(841, 26, 'https://i.imgur.com/Wpq9rrR.jpg'),
(842, 26, 'https://i.imgur.com/Lu30owt.jpg'),
(843, 26, 'https://i.imgur.com/rsL1tuO.jpg'),
(844, 26, 'https://i.imgur.com/hIVIlei.jpg'),
(845, 26, 'https://i.imgur.com/T14K38G.jpg'),
(846, 26, 'https://i.imgur.com/Zd7po0c.jpg'),
(847, 26, 'https://i.imgur.com/bM21Hus.jpg'),
(848, 26, 'https://i.imgur.com/Krl3Ny2.jpg'),
(849, 27, 'https://i.imgur.com/B5jXGcw.jpg'),
(850, 27, 'https://i.imgur.com/Kb0KP59.jpg'),
(851, 27, 'https://i.imgur.com/NglvFve.jpg'),
(852, 27, 'https://i.imgur.com/WsM6dRo.jpg'),
(853, 27, 'https://i.imgur.com/imqmIBN.jpg'),
(854, 27, 'https://i.imgur.com/rfjAue4.jpg'),
(855, 27, 'https://i.imgur.com/XOP7Wu2.jpg'),
(856, 27, 'https://i.imgur.com/WUPwEww.jpg'),
(857, 27, 'https://i.imgur.com/t5b4Qot.jpg'),
(858, 27, 'https://i.imgur.com/fGMAkOL.jpg'),
(859, 27, 'https://i.imgur.com/xsBZ3yZ.jpg'),
(860, 27, 'https://i.imgur.com/LyKEOVr.jpg'),
(861, 27, 'https://i.imgur.com/W5jN0Dp.jpg'),
(862, 27, 'https://i.imgur.com/9YiFqgt.jpg'),
(863, 27, 'https://i.imgur.com/lvIYXwC.jpg'),
(864, 27, 'https://i.imgur.com/OLSD4IM.jpg'),
(865, 27, 'https://i.imgur.com/ivwxjNQ.jpg'),
(866, 27, 'https://i.imgur.com/bEk76Vr.jpg'),
(867, 27, 'https://i.imgur.com/ayBNaE3.jpg'),
(868, 27, 'https://i.imgur.com/5O7iCsx.jpg'),
(869, 27, 'https://i.imgur.com/UezFYqi.jpg'),
(870, 27, 'https://i.imgur.com/9Kq2OHi.jpg'),
(871, 27, 'https://i.imgur.com/Q4jfe2y.jpg'),
(872, 27, 'https://i.imgur.com/y7AYfhC.jpg'),
(873, 27, 'https://i.imgur.com/AKzcLPz.jpg'),
(874, 28, 'https://i.imgur.com/WCQajQi.jpg'),
(875, 28, 'https://i.imgur.com/EawpZlz.jpg'),
(876, 28, 'https://i.imgur.com/U6O2e2U.jpg'),
(877, 28, 'https://i.imgur.com/oW8B3gM.jpg'),
(878, 28, 'https://i.imgur.com/I8g1bwv.jpg'),
(879, 28, 'https://i.imgur.com/5X8YLpS.jpg'),
(880, 28, 'https://i.imgur.com/ivBGyIT.jpg'),
(881, 28, 'https://i.imgur.com/KBA2SNZ.jpg'),
(882, 28, 'https://i.imgur.com/RNVE7OP.jpg'),
(883, 28, 'https://i.imgur.com/MYCZd0q.jpg'),
(884, 28, 'https://i.imgur.com/3xLihOv.jpg'),
(885, 28, 'https://i.imgur.com/ezDAuM1.jpg'),
(886, 28, 'https://i.imgur.com/dOx6OZq.jpg'),
(887, 28, 'https://i.imgur.com/vNcW9ZJ.jpg'),
(888, 28, 'https://i.imgur.com/7EUwJ5f.jpg'),
(889, 28, 'https://i.imgur.com/bSOJ9V8.jpg'),
(890, 28, 'https://i.imgur.com/TNinN6c.jpg'),
(891, 28, 'https://i.imgur.com/Zm0cNk3.jpg'),
(892, 28, 'https://i.imgur.com/yT5r2KG.jpg'),
(893, 28, 'https://i.imgur.com/c1wkKrK.jpg'),
(894, 28, 'https://i.imgur.com/vmx8oiv.jpg'),
(895, 28, 'https://i.imgur.com/4g4ONzD.jpg'),
(896, 28, 'https://i.imgur.com/srUuCvq.jpg'),
(897, 28, 'https://i.imgur.com/V2WXekM.jpg'),
(898, 29, 'https://i.imgur.com/DE50OiZ.jpg'),
(899, 29, 'https://i.imgur.com/p0C7Eue.jpg'),
(900, 29, 'https://i.imgur.com/elBxZPC.jpg'),
(901, 29, 'https://i.imgur.com/CwVg5qp.jpg'),
(902, 29, 'https://i.imgur.com/2e0GyQw.jpg'),
(903, 29, 'https://i.imgur.com/azo5Uo2.jpg'),
(904, 29, 'https://i.imgur.com/BTWdaPj.jpg'),
(905, 29, 'https://i.imgur.com/iMIiLay.jpg'),
(906, 29, 'https://i.imgur.com/ZV2I9nv.jpg'),
(907, 29, 'https://i.imgur.com/RzIDPsW.jpg'),
(908, 29, 'https://i.imgur.com/JSAgxaV.jpg'),
(909, 29, 'https://i.imgur.com/DPc0By1.jpg'),
(910, 29, 'https://i.imgur.com/Pi737bc.jpg'),
(911, 29, 'https://i.imgur.com/qIr58tl.jpg'),
(912, 29, 'https://i.imgur.com/nhHR9OM.jpg'),
(913, 29, 'https://i.imgur.com/5DyCIsX.jpg'),
(914, 29, 'https://i.imgur.com/Erb7tz7.jpg'),
(915, 29, 'https://i.imgur.com/WQdjTA0.jpg'),
(916, 29, 'https://i.imgur.com/ZKoIfEs.jpg'),
(917, 29, 'https://i.imgur.com/f8lGGHN.jpg'),
(918, 29, 'https://i.imgur.com/rizC5JY.jpg'),
(919, 30, 'https://i.imgur.com/0ItsrHP.jpg'),
(920, 30, 'https://i.imgur.com/flJYyUi.jpg'),
(921, 30, 'https://i.imgur.com/csg2A6R.jpg'),
(922, 30, 'https://i.imgur.com/68OSUHQ.jpg'),
(923, 30, 'https://i.imgur.com/nI4OC2Z.jpg'),
(924, 30, 'https://i.imgur.com/ePhZteJ.jpg'),
(925, 30, 'https://i.imgur.com/ILzs4tJ.jpg'),
(926, 30, 'https://i.imgur.com/F0CuZFe.jpg'),
(927, 30, 'https://i.imgur.com/283yP1i.jpg'),
(928, 30, 'https://i.imgur.com/qbvZUFN.jpg'),
(929, 30, 'https://i.imgur.com/06uNdPN.jpg'),
(930, 30, 'https://i.imgur.com/JxzJWPC.jpg'),
(931, 30, 'https://i.imgur.com/D9ElzKC.jpg'),
(932, 30, 'https://i.imgur.com/WMkJaub.jpg'),
(933, 30, 'https://i.imgur.com/1yFoB5P.jpg'),
(934, 30, 'https://i.imgur.com/BLaaTvW.jpg'),
(935, 30, 'https://i.imgur.com/g7Jokwu.jpg'),
(936, 30, 'https://i.imgur.com/qbD0f2U.jpg'),
(937, 30, 'https://i.imgur.com/OXp3YEk.jpg'),
(938, 30, 'https://i.imgur.com/5eg9G8Y.jpg'),
(939, 31, 'https://i.imgur.com/OZxd3X7.jpg'),
(940, 31, 'https://i.imgur.com/s9TpXUq.jpg'),
(941, 31, 'https://i.imgur.com/lEQyGzd.jpg'),
(942, 31, 'https://i.imgur.com/apJ8WUR.jpg'),
(943, 31, 'https://i.imgur.com/3nBkiHr.jpg'),
(944, 31, 'https://i.imgur.com/H6vHOSR.jpg'),
(945, 31, 'https://i.imgur.com/oP67kbq.jpg'),
(946, 31, 'https://i.imgur.com/fRVm7s4.jpg'),
(947, 31, 'https://i.imgur.com/T51R3fX.jpg'),
(948, 31, 'https://i.imgur.com/W8XLqy6.jpg'),
(949, 31, 'https://i.imgur.com/mCOeUnS.jpg'),
(950, 31, 'https://i.imgur.com/7aTtjlQ.jpg'),
(951, 31, 'https://i.imgur.com/hB3pkbo.jpg'),
(952, 31, 'https://i.imgur.com/VbJG7OO.jpg'),
(953, 31, 'https://i.imgur.com/SvjyitI.jpg'),
(954, 31, 'https://i.imgur.com/JnFvLAh.jpg'),
(955, 31, 'https://i.imgur.com/RiuP84o.jpg'),
(956, 31, 'https://i.imgur.com/VCY2y28.jpg'),
(957, 31, 'https://i.imgur.com/TDRqIZI.jpg'),
(958, 31, 'https://i.imgur.com/8SVWWBe.jpg'),
(959, 31, 'https://i.imgur.com/ARUiWdz.jpg'),
(960, 31, 'https://i.imgur.com/CI7XYsf.jpg'),
(961, 31, 'https://i.imgur.com/Mllm0nH.jpg'),
(962, 31, 'https://i.imgur.com/IqmFA74.jpg'),
(963, 31, 'https://i.imgur.com/2T9oRGI.jpg'),
(964, 31, 'https://i.imgur.com/jpqZIMo.jpg'),
(965, 31, 'https://i.imgur.com/MLpirOR.jpg'),
(966, 31, 'https://i.imgur.com/0G56b7q.jpg'),
(967, 31, 'https://i.imgur.com/lDQSiYe.jpg'),
(968, 31, 'https://i.imgur.com/Xorehrg.jpg'),
(969, 31, 'https://i.imgur.com/FAdEU2l.jpg'),
(970, 31, 'https://i.imgur.com/JWNupMo.jpg'),
(971, 31, 'https://i.imgur.com/cppbQtW.jpg'),
(972, 31, 'https://i.imgur.com/OM17N0m.jpg'),
(973, 31, 'https://i.imgur.com/gApg6Ug.jpg'),
(974, 31, 'https://i.imgur.com/j43MdAk.jpg'),
(975, 31, 'https://i.imgur.com/9rHQVan.jpg'),
(976, 32, 'https://i.imgur.com/hAPokSG.jpg'),
(977, 32, 'https://i.imgur.com/spejYDT.jpg'),
(978, 32, 'https://i.imgur.com/DYx9vmE.jpg'),
(979, 32, 'https://i.imgur.com/aqheBxa.jpg'),
(980, 32, 'https://i.imgur.com/edGFR5L.jpg'),
(981, 32, 'https://i.imgur.com/YAWy7Eo.jpg'),
(982, 32, 'https://i.imgur.com/R3cC5hE.jpg'),
(983, 32, 'https://i.imgur.com/JWsVxke.jpg'),
(984, 32, 'https://i.imgur.com/Gh9PvtK.jpg'),
(985, 32, 'https://i.imgur.com/Cz7H7rT.jpg'),
(986, 32, 'https://i.imgur.com/CXderzl.jpg'),
(987, 32, 'https://i.imgur.com/Mtu1kTz.jpg'),
(988, 32, 'https://i.imgur.com/WcvIDfY.jpg'),
(989, 32, 'https://i.imgur.com/O76yN2a.jpg'),
(990, 32, 'https://i.imgur.com/XkeNAFW.jpg'),
(991, 32, 'https://i.imgur.com/1vlmEv2.jpg'),
(992, 32, 'https://i.imgur.com/ExII1cE.jpg'),
(993, 32, 'https://i.imgur.com/jGRCY7t.jpg'),
(994, 32, 'https://i.imgur.com/YTTz0R8.jpg'),
(995, 32, 'https://i.imgur.com/yxf4OSB.jpg'),
(996, 32, 'https://i.imgur.com/JsuriQH.jpg'),
(997, 32, 'https://i.imgur.com/cL2XPhq.jpg'),
(998, 32, 'https://i.imgur.com/Bs0NBGI.jpg'),
(999, 32, 'https://i.imgur.com/GZEqwG8.jpg'),
(1000, 32, 'https://i.imgur.com/tUGJ8vn.jpg'),
(1001, 32, 'https://i.imgur.com/Jkfn95J.jpg'),
(1002, 32, 'https://i.imgur.com/ont1ANs.jpg'),
(1003, 32, 'https://i.imgur.com/gVa5nuk.jpg'),
(1004, 33, 'https://i.imgur.com/nHPgdyJ.jpg'),
(1005, 33, 'https://i.imgur.com/QsRNzbu.jpg'),
(1006, 33, 'https://i.imgur.com/0oWu2pi.jpg'),
(1007, 33, 'https://i.imgur.com/P5yQnWh.jpg'),
(1008, 33, 'https://i.imgur.com/h8FDaJl.jpg'),
(1009, 33, 'https://i.imgur.com/xDjnMCW.jpg'),
(1010, 33, 'https://i.imgur.com/9nXZ96I.jpg'),
(1011, 33, 'https://i.imgur.com/JSCZ8XC.jpg'),
(1012, 33, 'https://i.imgur.com/42cGu0K.jpg'),
(1013, 33, 'https://i.imgur.com/DLuJB3R.jpg'),
(1014, 33, 'https://i.imgur.com/GKIoXXL.jpg'),
(1015, 33, 'https://i.imgur.com/g8tSeJa.jpg'),
(1016, 33, 'https://i.imgur.com/1WLFNnf.jpg'),
(1017, 33, 'https://i.imgur.com/ZQ2AZun.jpg'),
(1018, 33, 'https://i.imgur.com/Peq3xvF.jpg'),
(1019, 33, 'https://i.imgur.com/eMPvbiZ.jpg'),
(1020, 33, 'https://i.imgur.com/bKbxzUW.jpg'),
(1021, 33, 'https://i.imgur.com/usG4i5N.jpg'),
(1022, 33, 'https://i.imgur.com/k9quHdH.jpg'),
(1023, 33, 'https://i.imgur.com/AkD31OK.jpg'),
(1024, 33, 'https://i.imgur.com/pQozYMo.jpg'),
(1025, 33, 'https://i.imgur.com/eQ3tUVf.jpg'),
(1026, 33, 'https://i.imgur.com/AifVMaJ.jpg'),
(1027, 33, 'https://i.imgur.com/xVkJSCP.jpg'),
(1028, 33, 'https://i.imgur.com/ia5YRTg.jpg'),
(1029, 33, 'https://i.imgur.com/43iwgMA.jpg'),
(1030, 33, 'https://i.imgur.com/NmQ9vwe.jpg'),
(1031, 33, 'https://i.imgur.com/11z2TL5.jpg'),
(1032, 33, 'https://i.imgur.com/tohqsvu.jpg'),
(1033, 33, 'https://i.imgur.com/1GsoGDB.jpg'),
(1034, 34, 'https://i.imgur.com/jB2ZZcj.jpg'),
(1035, 34, 'https://i.imgur.com/cC7q3Ma.jpg'),
(1036, 34, 'https://i.imgur.com/FxH0CvW.jpg'),
(1037, 34, 'https://i.imgur.com/ecPqsS9.jpg'),
(1038, 34, 'https://i.imgur.com/e6rsnLK.jpg'),
(1039, 34, 'https://i.imgur.com/Yv7DQW2.jpg'),
(1040, 34, 'https://i.imgur.com/A5oATx8.jpg'),
(1041, 34, 'https://i.imgur.com/Z4PVg7a.jpg'),
(1042, 34, 'https://i.imgur.com/lYGH93w.jpg'),
(1043, 34, 'https://i.imgur.com/pzXoBe5.jpg'),
(1044, 34, 'https://i.imgur.com/jIGGpKS.jpg'),
(1045, 34, 'https://i.imgur.com/m9YpJSB.jpg'),
(1046, 34, 'https://i.imgur.com/8Zbo8DL.jpg'),
(1047, 34, 'https://i.imgur.com/nsmHCes.jpg'),
(1048, 34, 'https://i.imgur.com/6lXQKmV.jpg'),
(1049, 34, 'https://i.imgur.com/V7GM79B.jpg'),
(1050, 34, 'https://i.imgur.com/DB7AQB1.jpg'),
(1051, 34, 'https://i.imgur.com/4Z5cnxt.jpg'),
(1052, 34, 'https://i.imgur.com/U2tnT5k.jpg'),
(1053, 34, 'https://i.imgur.com/U8M8ET9.jpg'),
(1054, 34, 'https://i.imgur.com/zFWZK3d.jpg'),
(1055, 34, 'https://i.imgur.com/JUmw2as.jpg'),
(1056, 34, 'https://i.imgur.com/Gypb3in.jpg'),
(1057, 34, 'https://i.imgur.com/1a9oOtq.jpg'),
(1058, 34, 'https://i.imgur.com/QFABhPr.jpg'),
(1059, 34, 'https://i.imgur.com/f4UfRgQ.jpg'),
(1060, 34, 'https://i.imgur.com/8uxSuKf.jpg'),
(1061, 34, 'https://i.imgur.com/itINYtY.jpg'),
(1062, 34, 'https://i.imgur.com/zY6wOyk.jpg'),
(1063, 34, 'https://i.imgur.com/y40sdrG.jpg'),
(1064, 34, 'https://i.imgur.com/k7efgeL.jpg'),
(1065, 34, 'https://i.imgur.com/AJP8YLq.jpg'),
(1066, 34, 'https://i.imgur.com/47xpmU3.jpg'),
(1067, 34, 'https://i.imgur.com/eDAfCc4.jpg'),
(1068, 34, 'https://i.imgur.com/wwICXzf.jpg'),
(1069, 35, 'https://i.imgur.com/03pPSJ9.jpg'),
(1070, 35, 'https://i.imgur.com/EoZdFus.jpg'),
(1071, 35, 'https://i.imgur.com/09eDQvq.jpg'),
(1072, 35, 'https://i.imgur.com/q0lagHt.jpg'),
(1073, 35, 'https://i.imgur.com/U5kr9LT.jpg'),
(1074, 35, 'https://i.imgur.com/rNv3Yem.jpg'),
(1075, 35, 'https://i.imgur.com/12rukUc.jpg'),
(1076, 35, 'https://i.imgur.com/fgy95Jm.jpg'),
(1077, 35, 'https://i.imgur.com/toJzXVP.jpg'),
(1078, 35, 'https://i.imgur.com/wzmbiGa.jpg'),
(1079, 35, 'https://i.imgur.com/REruEl2.jpg'),
(1080, 35, 'https://i.imgur.com/pcyilCG.jpg'),
(1081, 35, 'https://i.imgur.com/ecVizwx.jpg'),
(1082, 35, 'https://i.imgur.com/eoHJP4V.jpg'),
(1083, 35, 'https://i.imgur.com/dIPFejQ.jpg'),
(1084, 35, 'https://i.imgur.com/x3uFyVM.jpg'),
(1085, 35, 'https://i.imgur.com/YoeYrgG.jpg'),
(1086, 35, 'https://i.imgur.com/qxPhWNs.jpg'),
(1087, 35, 'https://i.imgur.com/rc69f28.jpg'),
(1088, 35, 'https://i.imgur.com/kJUOHEv.jpg'),
(1089, 35, 'https://i.imgur.com/2mdO5os.jpg'),
(1090, 35, 'https://i.imgur.com/d116vv7.jpg'),
(1091, 35, 'https://i.imgur.com/y1xb13G.jpg'),
(1092, 35, 'https://i.imgur.com/JqsmvMe.jpg'),
(1093, 35, 'https://i.imgur.com/6AEL0dq.jpg'),
(1094, 35, 'https://i.imgur.com/UMcdMk4.jpg'),
(1095, 35, 'https://i.imgur.com/eP7q9VF.jpg'),
(1096, 35, 'https://i.imgur.com/dgr2quq.jpg'),
(1097, 35, 'https://i.imgur.com/C6fzULo.jpg'),
(1098, 35, 'https://i.imgur.com/vkrRP8U.jpg'),
(1099, 35, 'https://i.imgur.com/wBcK3LA.jpg'),
(1100, 35, 'https://i.imgur.com/xo0cqka.jpg'),
(1101, 35, 'https://i.imgur.com/pG9pCpA.jpg'),
(1102, 35, 'https://i.imgur.com/RIn894c.jpg'),
(1103, 35, 'https://i.imgur.com/nLpftp1.jpg'),
(1104, 35, 'https://i.imgur.com/YDE9OW7.jpg'),
(1105, 35, 'https://i.imgur.com/cnpkh2p.jpg'),
(1106, 36, 'https://i.imgur.com/7XUe2ok.jpg'),
(1107, 36, 'https://i.imgur.com/w3sairQ.jpg'),
(1108, 36, 'https://i.imgur.com/P6rBaJQ.jpg'),
(1109, 36, 'https://i.imgur.com/zjJ6Uss.jpg'),
(1110, 36, 'https://i.imgur.com/e7bAoWl.jpg'),
(1111, 36, 'https://i.imgur.com/BTx7WPf.jpg'),
(1112, 36, 'https://i.imgur.com/ntgpPs0.jpg'),
(1113, 36, 'https://i.imgur.com/MHl40fT.jpg'),
(1114, 36, 'https://i.imgur.com/aScZ5pP.jpg'),
(1115, 36, 'https://i.imgur.com/qOxRQqC.jpg'),
(1116, 36, 'https://i.imgur.com/FVZXT2I.jpg'),
(1117, 36, 'https://i.imgur.com/EyVvIs0.jpg'),
(1118, 36, 'https://i.imgur.com/hakWA5w.jpg'),
(1119, 36, 'https://i.imgur.com/wddc9TY.jpg'),
(1120, 36, 'https://i.imgur.com/wjkO3w6.jpg'),
(1121, 36, 'https://i.imgur.com/H42iHdU.jpg'),
(1122, 36, 'https://i.imgur.com/uxwGBRK.jpg'),
(1123, 36, 'https://i.imgur.com/NuTT2ol.jpg'),
(1124, 36, 'https://i.imgur.com/75cIkzo.jpg'),
(1125, 36, 'https://i.imgur.com/q3dOZJ5.jpg'),
(1126, 36, 'https://i.imgur.com/RvuVYrl.jpg'),
(1127, 36, 'https://i.imgur.com/qHxYHco.jpg'),
(1128, 36, 'https://i.imgur.com/DAVkNzp.jpg'),
(1129, 36, 'https://i.imgur.com/mzMfca7.jpg'),
(1130, 36, 'https://i.imgur.com/lTjaXHf.jpg'),
(1131, 36, 'https://i.imgur.com/HEhDjlU.jpg'),
(1132, 36, 'https://i.imgur.com/8WpMbr9.jpg'),
(1133, 36, 'https://i.imgur.com/Ehysws8.jpg'),
(1134, 36, 'https://i.imgur.com/bEopkfN.jpg'),
(1135, 36, 'https://i.imgur.com/fvtjqL7.jpg'),
(1136, 36, 'https://i.imgur.com/bYeVzJw.jpg'),
(1137, 36, 'https://i.imgur.com/qWPkY9F.jpg'),
(1138, 36, 'https://i.imgur.com/uWV2Gdr.jpg');
INSERT INTO `imagechapter` (`IdImageChapter`, `IDchapter`, `ImageLink`) VALUES
(1139, 36, 'https://i.imgur.com/5zJlaiT.jpg'),
(1140, 36, 'https://i.imgur.com/DeTpttV.jpg'),
(1141, 36, 'https://i.imgur.com/42eFoK1.jpg'),
(1142, 36, 'https://i.imgur.com/HgFiSuR.jpg'),
(1143, 36, 'https://i.imgur.com/qluHCV8.jpg'),
(1144, 36, 'https://i.imgur.com/pWX2ImQ.jpg'),
(1145, 36, 'https://i.imgur.com/IWUiKFN.jpg'),
(1146, 36, 'https://i.imgur.com/17fH43J.jpg'),
(1147, 37, 'https://i.imgur.com/S7y9dpA.jpg'),
(1148, 37, 'https://i.imgur.com/ih3myIH.jpg'),
(1149, 37, 'https://i.imgur.com/Ezs94M5.jpg'),
(1150, 37, 'https://i.imgur.com/17pdTNU.jpg'),
(1151, 37, 'https://i.imgur.com/Z1v0Zin.jpg'),
(1152, 37, 'https://i.imgur.com/FJzMZpz.jpg'),
(1153, 37, 'https://i.imgur.com/WDWTWXk.jpg'),
(1154, 37, 'https://i.imgur.com/psgeCJI.jpg'),
(1155, 37, 'https://i.imgur.com/HeZV0gC.jpg'),
(1156, 37, 'https://i.imgur.com/yJXjG6M.jpg'),
(1157, 37, 'https://i.imgur.com/Il8dtig.jpg'),
(1158, 37, 'https://i.imgur.com/UdXWiMq.jpg'),
(1159, 37, 'https://i.imgur.com/CcCZyUo.jpg'),
(1160, 37, 'https://i.imgur.com/QBgufVo.jpg'),
(1161, 37, 'https://i.imgur.com/NYqNBRA.jpg'),
(1162, 37, 'https://i.imgur.com/OdDoHEf.jpg'),
(1163, 37, 'https://i.imgur.com/TXwAdYE.jpg'),
(1164, 37, 'https://i.imgur.com/B5WBc8t.jpg'),
(1165, 37, 'https://i.imgur.com/6yRLnc1.jpg'),
(1166, 37, 'https://i.imgur.com/BUT8NsT.jpg'),
(1167, 37, 'https://i.imgur.com/T3In0UB.jpg'),
(1168, 37, 'https://i.imgur.com/dklalBD.jpg'),
(1169, 37, 'https://i.imgur.com/8Q2J9bA.jpg'),
(1170, 37, 'https://i.imgur.com/224U1fZ.jpg'),
(1171, 37, 'https://i.imgur.com/g1vIpxA.jpg'),
(1172, 37, 'https://i.imgur.com/ahHc9bk.jpg'),
(1173, 37, 'https://i.imgur.com/0PnvFdQ.jpg'),
(1174, 38, 'https://i.imgur.com/6235WOD.jpg'),
(1175, 38, 'https://i.imgur.com/T3DrwoC.jpg'),
(1176, 38, 'https://i.imgur.com/ngOfl5l.jpg'),
(1177, 38, 'https://i.imgur.com/u9Dh41k.jpg'),
(1178, 38, 'https://i.imgur.com/UQ34x6s.jpg'),
(1179, 38, 'https://i.imgur.com/sv8OOvj.jpg'),
(1180, 38, 'https://i.imgur.com/H3JxtOa.jpg'),
(1181, 38, 'https://i.imgur.com/vj3RkxD.jpg'),
(1182, 38, 'https://i.imgur.com/tQRaAVt.jpg'),
(1183, 38, 'https://i.imgur.com/HOgiYHn.jpg'),
(1184, 38, 'https://i.imgur.com/sqyL32C.jpg'),
(1185, 38, 'https://i.imgur.com/sZa2i80.jpg'),
(1186, 38, 'https://i.imgur.com/0K1qsx2.jpg'),
(1187, 38, 'https://i.imgur.com/CJ07SND.jpg'),
(1188, 38, 'https://i.imgur.com/63wPIYf.jpg'),
(1189, 38, 'https://i.imgur.com/zP6EJu8.jpg'),
(1190, 38, 'https://i.imgur.com/jFsaV6N.jpg'),
(1191, 38, 'https://i.imgur.com/r8KFL5s.jpg'),
(1192, 38, 'https://i.imgur.com/tYnA7Gc.jpg'),
(1193, 38, 'https://i.imgur.com/ip64MF2.jpg'),
(1194, 38, 'https://i.imgur.com/K97qcQQ.jpg'),
(1195, 38, 'https://i.imgur.com/0n0ysUV.jpg'),
(1196, 38, 'https://i.imgur.com/JuBbz4P.jpg'),
(1197, 38, 'https://i.imgur.com/XQfwll7.jpg'),
(1198, 38, 'https://i.imgur.com/4pYgM3M.jpg'),
(1199, 38, 'https://i.imgur.com/pSdVYkk.jpg'),
(1200, 39, 'https://i.imgur.com/xrWlyVE.jpg'),
(1201, 39, 'https://i.imgur.com/AWON31u.jpg'),
(1202, 39, 'https://i.imgur.com/Mgn9opI.jpg'),
(1203, 39, 'https://i.imgur.com/zmzWvNW.jpg'),
(1204, 39, 'https://i.imgur.com/lNZdduP.jpg'),
(1205, 39, 'https://i.imgur.com/tNXgE5s.jpg'),
(1206, 39, 'https://i.imgur.com/LTBpCZU.jpg'),
(1207, 39, 'https://i.imgur.com/4rlt9d4.jpg'),
(1208, 39, 'https://i.imgur.com/ykpPQR5.jpg'),
(1209, 39, 'https://i.imgur.com/gsDRDgU.jpg'),
(1210, 39, 'https://i.imgur.com/vtCwg19.jpg'),
(1211, 39, 'https://i.imgur.com/Gl1U2oF.jpg'),
(1212, 39, 'https://i.imgur.com/FPiph8Z.jpg'),
(1213, 39, 'https://i.imgur.com/g7DKtnh.jpg'),
(1214, 39, 'https://i.imgur.com/koemFfZ.jpg'),
(1215, 39, 'https://i.imgur.com/47JdoTC.jpg'),
(1216, 39, 'https://i.imgur.com/da6zTLi.jpg'),
(1217, 39, 'https://i.imgur.com/R7c6Zuc.jpg'),
(1218, 39, 'https://i.imgur.com/k5MCgxy.jpg'),
(1219, 39, 'https://i.imgur.com/68x5oOn.jpg'),
(1220, 39, 'https://i.imgur.com/V0pYK7H.jpg'),
(1221, 39, 'https://i.imgur.com/1En18Ll.jpg'),
(1222, 39, 'https://i.imgur.com/Bhp61ES.jpg'),
(1223, 39, 'https://i.imgur.com/ltiypKQ.jpg'),
(1224, 39, 'https://i.imgur.com/mk6nQTQ.jpg'),
(1225, 39, 'https://i.imgur.com/cOCMxTN.jpg'),
(1226, 39, 'https://i.imgur.com/gXxr4sw.jpg'),
(1227, 39, 'https://i.imgur.com/KV6H07B.jpg'),
(1228, 39, 'https://i.imgur.com/fG68Hsh.jpg'),
(1229, 40, 'https://i.imgur.com/ajqJsjD.jpg'),
(1230, 40, 'https://i.imgur.com/qYq7MKj.jpg'),
(1231, 40, 'https://i.imgur.com/OqTLcoG.jpg'),
(1232, 40, 'https://i.imgur.com/zDD4Dl2.jpg'),
(1233, 40, 'https://i.imgur.com/h8EXzd3.jpg'),
(1234, 40, 'https://i.imgur.com/EpMBwrF.jpg'),
(1235, 40, 'https://i.imgur.com/on1GtoP.jpg'),
(1236, 40, 'https://i.imgur.com/1s5NTG9.jpg'),
(1237, 40, 'https://i.imgur.com/BPeI4h9.jpg'),
(1238, 40, 'https://i.imgur.com/D68iwJ4.jpg'),
(1239, 40, 'https://i.imgur.com/CHaJ69e.jpg'),
(1240, 40, 'https://i.imgur.com/Wc3N37T.jpg'),
(1241, 40, 'https://i.imgur.com/kmEUxrl.jpg'),
(1242, 40, 'https://i.imgur.com/gSxukyo.jpg'),
(1243, 40, 'https://i.imgur.com/tEOnw0m.jpg'),
(1244, 40, 'https://i.imgur.com/kWMCym2.jpg'),
(1245, 40, 'https://i.imgur.com/kn5Qd4b.jpg'),
(1246, 40, 'https://i.imgur.com/a9Tvvou.jpg'),
(1247, 40, 'https://i.imgur.com/JxyJbZy.jpg'),
(1248, 40, 'https://i.imgur.com/ROqx9TO.jpg'),
(1249, 40, 'https://i.imgur.com/lYIlkG1.jpg'),
(1250, 40, 'https://i.imgur.com/A7SGjzS.jpg'),
(1251, 40, 'https://i.imgur.com/qGOO2zg.jpg'),
(1252, 40, 'https://i.imgur.com/fBIcAR4.jpg'),
(1253, 40, 'https://i.imgur.com/1v5UXDv.jpg'),
(1254, 40, 'https://i.imgur.com/y5Xv21Q.jpg'),
(1255, 40, 'https://i.imgur.com/ObDrA2d.jpg'),
(1256, 40, 'https://i.imgur.com/bWecvnX.jpg'),
(1257, 40, 'https://i.imgur.com/EN4XrCT.jpg'),
(1258, 40, 'https://i.imgur.com/LDoILuL.jpg'),
(1259, 40, 'https://i.imgur.com/Tg4Mvee.jpg'),
(1260, 41, 'https://i.imgur.com/lfyg3nl.jpg'),
(1261, 41, 'https://i.imgur.com/Utaa3DT.jpg'),
(1262, 41, 'https://i.imgur.com/pqfCNMX.jpg'),
(1263, 41, 'https://i.imgur.com/nFIBWld.jpg'),
(1264, 41, 'https://i.imgur.com/ki6t0Lw.jpg'),
(1265, 41, 'https://i.imgur.com/wqNX4k7.jpg'),
(1266, 41, 'https://i.imgur.com/My3xF70.jpg'),
(1267, 41, 'https://i.imgur.com/EWsKm9A.jpg'),
(1268, 41, 'https://i.imgur.com/9T5VVbV.jpg'),
(1269, 41, 'https://i.imgur.com/Ox23kEx.jpg'),
(1270, 41, 'https://i.imgur.com/0hXv2TF.jpg'),
(1271, 41, 'https://i.imgur.com/bxDr37c.jpg'),
(1272, 41, 'https://i.imgur.com/QFR5XC2.jpg'),
(1273, 41, 'https://i.imgur.com/50k7ipI.jpg'),
(1274, 41, 'https://i.imgur.com/Xekcmj8.jpg'),
(1275, 41, 'https://i.imgur.com/87gcjZU.jpg'),
(1276, 41, 'https://i.imgur.com/fSImGUQ.jpg'),
(1277, 42, 'https://i.imgur.com/3vbfV5G.jpg'),
(1278, 42, 'https://i.imgur.com/4HcnV2E.jpg'),
(1279, 42, 'https://i.imgur.com/qvqHTCX.jpg'),
(1280, 42, 'https://i.imgur.com/5pbUbUA.jpg'),
(1281, 42, 'https://i.imgur.com/Iwlpk0H.jpg'),
(1282, 42, 'https://i.imgur.com/gBj80Ut.jpg'),
(1283, 42, 'https://i.imgur.com/p6jQWDE.jpg'),
(1284, 42, 'https://i.imgur.com/li7hb8P.jpg'),
(1285, 42, 'https://i.imgur.com/SAZe0fI.jpg'),
(1286, 42, 'https://i.imgur.com/5DBl1tc.jpg'),
(1287, 42, 'https://i.imgur.com/Y5Pb8Rg.jpg'),
(1288, 42, 'https://i.imgur.com/COlGzAA.jpg'),
(1289, 42, 'https://i.imgur.com/1hTttA7.jpg'),
(1290, 42, 'https://i.imgur.com/PXDs8tF.jpg'),
(1291, 42, 'https://i.imgur.com/Xz7gtIN.jpg'),
(1292, 42, 'https://i.imgur.com/M1Ihy3M.jpg'),
(1293, 42, 'https://i.imgur.com/cVPrXvI.jpg'),
(1294, 43, 'https://i.imgur.com/rFNqJb7.jpg'),
(1295, 43, 'https://i.imgur.com/9QKpBbW.jpg'),
(1296, 43, 'https://i.imgur.com/Gfs8zAU.jpg'),
(1297, 43, 'https://i.imgur.com/v9eI04S.jpg'),
(1298, 43, 'https://i.imgur.com/DdFfWKG.jpg'),
(1299, 43, 'https://i.imgur.com/gYdpsse.jpg'),
(1300, 43, 'https://i.imgur.com/4oVh1Xk.jpg'),
(1301, 43, 'https://i.imgur.com/m3LEOqE.jpg'),
(1302, 43, 'https://i.imgur.com/0TMDys6.jpg'),
(1303, 43, 'https://i.imgur.com/3zBYHPe.jpg'),
(1304, 43, 'https://i.imgur.com/WZVWDbX.jpg'),
(1305, 43, 'https://i.imgur.com/FHrUgjk.jpg'),
(1306, 43, 'https://i.imgur.com/Oxfolsg.jpg'),
(1307, 43, 'https://i.imgur.com/363slEu.jpg'),
(1308, 44, 'https://i.imgur.com/NCzi0ZG.jpg'),
(1309, 44, 'https://i.imgur.com/pozpCjx.jpg'),
(1310, 44, 'https://i.imgur.com/3mpbPph.jpg'),
(1311, 44, 'https://i.imgur.com/lW59A8q.jpg'),
(1312, 44, 'https://i.imgur.com/snx7Lrq.jpg'),
(1313, 44, 'https://i.imgur.com/xfXLqtA.jpg'),
(1314, 44, 'https://i.imgur.com/X13Ou1L.jpg'),
(1315, 44, 'https://i.imgur.com/mU8TZqt.jpg'),
(1316, 44, 'https://i.imgur.com/rrUsSVv.jpg'),
(1317, 44, 'https://i.imgur.com/ULE1cnG.jpg'),
(1318, 44, 'https://i.imgur.com/bIZF9b3.jpg'),
(1319, 44, 'https://i.imgur.com/cQt5boO.jpg'),
(1320, 44, 'https://i.imgur.com/Q77fMrn.jpg'),
(1321, 44, 'https://i.imgur.com/6VGPUZr.jpg'),
(1322, 45, 'https://imgur.com/ZpJdDuW'),
(1323, 45, 'https://imgur.com/OBBVBhi'),
(1324, 45, 'https://imgur.com/bWTWzA5'),
(1325, 45, 'https://imgur.com/xZ5SXou'),
(1326, 45, 'https://imgur.com/u5W73rh'),
(1327, 45, 'https://imgur.com/yAOjBqp'),
(1328, 45, 'https://imgur.com/rw63U3I'),
(1329, 45, 'https://imgur.com/I901m48'),
(1330, 45, 'https://imgur.com/rpnIlJN'),
(1331, 45, 'https://imgur.com/OvrcZwo'),
(1332, 45, 'https://imgur.com/sqWohRq'),
(1333, 45, 'https://imgur.com/MhOMsEa'),
(1334, 45, 'https://imgur.com/LWOIjel'),
(1335, 45, 'https://imgur.com/kDYmJvM'),
(1336, 45, 'https://imgur.com/Vgw0wQk'),
(1337, 45, 'https://imgur.com/Lu8GQdF'),
(1338, 15, 'https://i.imgur.com/EUoGwAT.jpg'),
(1339, 15, 'https://i.imgur.com/ZXXvU5Q.jpg'),
(1340, 15, 'https://i.imgur.com/CBvLSTc.jpg'),
(1341, 15, 'https://i.imgur.com/NQBPmDM.jpg'),
(1342, 15, 'https://i.imgur.com/mQe3Ukv.jpg'),
(1343, 15, 'https://i.imgur.com/W2hj5l1.jpg'),
(1344, 15, 'https://i.imgur.com/Dv65PeS.jpg'),
(1345, 15, 'https://i.imgur.com/4iydVgr.jpg'),
(1346, 15, 'https://i.imgur.com/ZkNkSEj.jpg'),
(1347, 15, 'https://i.imgur.com/AdDBSQC.jpg'),
(1348, 15, 'https://i.imgur.com/RdHx5nr.jpg'),
(1349, 15, 'https://i.imgur.com/8RdNaqc.jpg'),
(1350, 15, 'https://i.imgur.com/sUXq6eZ.jpg'),
(1351, 15, 'https://i.imgur.com/JfmApqv.jpg'),
(1352, 15, 'https://i.imgur.com/8fAJBZe.jpg'),
(1353, 15, 'https://i.imgur.com/yYuB1r0.jpg'),
(1354, 15, 'https://i.imgur.com/8HjfMxf.jpg'),
(1355, 15, 'https://i.imgur.com/h9dxwN5.jpg'),
(1356, 15, 'https://i.imgur.com/cXj4Ii7.jpg'),
(1357, 1, 'https://i.imgur.com/PawQ1bc.jpg'),
(1358, 1, 'https://i.imgur.com/elgohMK.jpg'),
(1359, 1, 'https://i.imgur.com/hDCrN6M.jpg'),
(1360, 1, 'https://i.imgur.com/3GwNTuu.jpg'),
(1361, 1, 'https://i.imgur.com/lv9zEaH.jpg'),
(1362, 1, 'https://i.imgur.com/TkDcVZw.jpg'),
(1363, 1, 'https://i.imgur.com/vBHLfE4.jpg'),
(1364, 1, 'https://i.imgur.com/U7TikbP.jpg'),
(1365, 1, 'https://i.imgur.com/MwJW3eN.jpg'),
(1366, 1, 'https://i.imgur.com/PAlva6v.jpg'),
(1367, 1, 'https://i.imgur.com/KI3yGdi.jpg'),
(1368, 1, 'https://i.imgur.com/N6wWdVW.jpg'),
(1369, 1, 'https://i.imgur.com/ZXzswQU.jpg'),
(1370, 1, 'https://i.imgur.com/mIOln8m.jpg'),
(1371, 1, 'https://i.imgur.com/ssK8F2j.jpg'),
(1372, 46, 'https://i.imgur.com/lfyg3nl.jpg'),
(1373, 46, 'https://i.imgur.com/Utaa3DT.jpg'),
(1374, 46, 'https://i.imgur.com/pqfCNMX.jpg'),
(1375, 46, 'https://i.imgur.com/nFIBWld.jpg'),
(1376, 46, 'https://i.imgur.com/ki6t0Lw.jpg');

-- --------------------------------------------------------

--
-- Cấu trúc bảng cho bảng `permission`
--

CREATE TABLE `permission` (
  `IDper` int(11) NOT NULL,
  `permission` varchar(50) DEFAULT NULL
) ENGINE=InnoDB DEFAULT CHARSET=utf8mb4;

--
-- Đang đổ dữ liệu cho bảng `permission`
--

INSERT INTO `permission` (`IDper`, `permission`) VALUES
(1, 'Người dùng'),
(2, 'Quản trị');

-- --------------------------------------------------------

--
-- Cấu trúc bảng cho bảng `theodoi`
--

CREATE TABLE `theodoi` (
  `id` int(11) NOT NULL,
  `IDuser` int(11) NOT NULL,
  `IDcomic` int(11) NOT NULL
) ENGINE=InnoDB DEFAULT CHARSET=utf8mb4;

--
-- Đang đổ dữ liệu cho bảng `theodoi`
--

INSERT INTO `theodoi` (`id`, `IDuser`, `IDcomic`) VALUES
(13, 13, 7),
(15, 13, 9);

-- --------------------------------------------------------

--
-- Cấu trúc bảng cho bảng `transpermission`
--

CREATE TABLE `transpermission` (
  `IDtransper` int(11) NOT NULL,
  `transperName` varchar(50) DEFAULT NULL
) ENGINE=InnoDB DEFAULT CHARSET=utf8mb4;

--
-- Đang đổ dữ liệu cho bảng `transpermission`
--

INSERT INTO `transpermission` (`IDtransper`, `transperName`) VALUES
(1, 'Đăng ký thành viên'),
(2, 'Thành viên'),
(3, 'Quản lý nhóm'),
(4, 'Chủ nhóm dịch');

-- --------------------------------------------------------

--
-- Cấu trúc bảng cho bảng `transteam`
--

CREATE TABLE `transteam` (
  `IDteam` int(11) NOT NULL,
  `team` varchar(100) DEFAULT NULL,
  `created` datetime DEFAULT NULL
) ENGINE=InnoDB DEFAULT CHARSET=utf8mb4;

--
-- Đang đổ dữ liệu cho bảng `transteam`
--

INSERT INTO `transteam` (`IDteam`, `team`, `created`) VALUES
(1, 'HUTECH', NULL),
(2, 'HOCVIEN', NULL),
(3, 'REDBLOOD', NULL);

-- --------------------------------------------------------

--
-- Cấu trúc bảng cho bảng `user`
--

CREATE TABLE `user` (
  `IDuser` int(11) NOT NULL,
  `mail` varchar(50) DEFAULT NULL,
  `password` varchar(50) NOT NULL,
  `username` varchar(50) NOT NULL,
  `created` datetime DEFAULT NULL,
  `updated` datetime DEFAULT NULL,
  `IDteam` int(11) DEFAULT NULL,
  `IDtransper` int(11) DEFAULT NULL,
  `IDper` int(11) DEFAULT NULL
) ENGINE=InnoDB DEFAULT CHARSET=utf8mb4;

--
-- Đang đổ dữ liệu cho bảng `user`
--

INSERT INTO `user` (`IDuser`, `mail`, `password`, `username`, `created`, `updated`, `IDteam`, `IDtransper`, `IDper`) VALUES
(1, 'vu@gmail.com', '123456', 'Vu', NULL, NULL, 1, 1, 1),
(2, 'duy@gmail.com', '123456', 'Duy', NULL, NULL, 1, 2, 1),
(3, 'luan@gmail.com', '123456', 'Luan', NULL, NULL, 1, 3, 1),
(4, 'thuan@gmail.com', '123456', 'Thuan', NULL, NULL, 2, 1, 1),
(5, 'admin@gmail.com', '123456', 'Admin', NULL, NULL, 3, 1, 2),
(6, '1@gmail.com', '123456', 'Zuric', NULL, NULL, 2, 3, NULL),
(7, '2@gmail.com', '123456', 'Janice', NULL, NULL, 2, 3, NULL),
(8, '3@gmail.com', '123456', 'chua 3', NULL, NULL, 1, 3, NULL),
(9, '4@gmail.com', '123456', 'chua 4', NULL, NULL, NULL, NULL, NULL),
(10, '5@gmail.com', '123456', 'chua 5', NULL, NULL, 1, 0, NULL),
(11, '0@gmail.com', '123456', 'chua d?t', NULL, NULL, NULL, NULL, NULL),
(13, '123456@gmail.com', '123456', '123456', '2022-04-01 11:23:26', '2022-04-02 11:03:37', NULL, NULL, 1);

--
-- Chỉ mục cho các bảng đã đổ
--

--
-- Chỉ mục cho bảng `author`
--
ALTER TABLE `author`
  ADD PRIMARY KEY (`IDauthor`);

--
-- Chỉ mục cho bảng `catergory`
--
ALTER TABLE `catergory`
  ADD PRIMARY KEY (`IDcatergory`);

--
-- Chỉ mục cho bảng `chapter`
--
ALTER TABLE `chapter`
  ADD PRIMARY KEY (`IDchapter`);

--
-- Chỉ mục cho bảng `comic`
--
ALTER TABLE `comic`
  ADD PRIMARY KEY (`IDcomic`);

--
-- Chỉ mục cho bảng `comiccatergory`
--
ALTER TABLE `comiccatergory`
  ADD PRIMARY KEY (`id`);

--
-- Chỉ mục cho bảng `comictrans`
--
ALTER TABLE `comictrans`
  ADD PRIMARY KEY (`id`);

--
-- Chỉ mục cho bảng `imagechapter`
--
ALTER TABLE `imagechapter`
  ADD PRIMARY KEY (`IdImageChapter`);

--
-- Chỉ mục cho bảng `permission`
--
ALTER TABLE `permission`
  ADD PRIMARY KEY (`IDper`);

--
-- Chỉ mục cho bảng `theodoi`
--
ALTER TABLE `theodoi`
  ADD PRIMARY KEY (`id`);

--
-- Chỉ mục cho bảng `transpermission`
--
ALTER TABLE `transpermission`
  ADD PRIMARY KEY (`IDtransper`);

--
-- Chỉ mục cho bảng `transteam`
--
ALTER TABLE `transteam`
  ADD PRIMARY KEY (`IDteam`);

--
-- Chỉ mục cho bảng `user`
--
ALTER TABLE `user`
  ADD PRIMARY KEY (`IDuser`);

--
-- AUTO_INCREMENT cho các bảng đã đổ
--

--
-- AUTO_INCREMENT cho bảng `author`
--
ALTER TABLE `author`
  MODIFY `IDauthor` int(11) NOT NULL AUTO_INCREMENT, AUTO_INCREMENT=7;

--
-- AUTO_INCREMENT cho bảng `catergory`
--
ALTER TABLE `catergory`
  MODIFY `IDcatergory` int(11) NOT NULL AUTO_INCREMENT, AUTO_INCREMENT=40;

--
-- AUTO_INCREMENT cho bảng `chapter`
--
ALTER TABLE `chapter`
  MODIFY `IDchapter` int(11) NOT NULL AUTO_INCREMENT, AUTO_INCREMENT=46;

--
-- AUTO_INCREMENT cho bảng `comic`
--
ALTER TABLE `comic`
  MODIFY `IDcomic` int(11) NOT NULL AUTO_INCREMENT, AUTO_INCREMENT=11;

--
-- AUTO_INCREMENT cho bảng `comiccatergory`
--
ALTER TABLE `comiccatergory`
  MODIFY `id` int(11) NOT NULL AUTO_INCREMENT, AUTO_INCREMENT=52;

--
-- AUTO_INCREMENT cho bảng `comictrans`
--
ALTER TABLE `comictrans`
  MODIFY `id` int(11) NOT NULL AUTO_INCREMENT, AUTO_INCREMENT=13;

--
-- AUTO_INCREMENT cho bảng `imagechapter`
--
ALTER TABLE `imagechapter`
  MODIFY `IdImageChapter` int(11) NOT NULL AUTO_INCREMENT, AUTO_INCREMENT=1377;

--
-- AUTO_INCREMENT cho bảng `permission`
--
ALTER TABLE `permission`
  MODIFY `IDper` int(11) NOT NULL AUTO_INCREMENT, AUTO_INCREMENT=8;

--
-- AUTO_INCREMENT cho bảng `theodoi`
--
ALTER TABLE `theodoi`
  MODIFY `id` int(11) NOT NULL AUTO_INCREMENT, AUTO_INCREMENT=16;

--
-- AUTO_INCREMENT cho bảng `transpermission`
--
ALTER TABLE `transpermission`
  MODIFY `IDtransper` int(11) NOT NULL AUTO_INCREMENT, AUTO_INCREMENT=5;

--
-- AUTO_INCREMENT cho bảng `transteam`
--
ALTER TABLE `transteam`
  MODIFY `IDteam` int(11) NOT NULL AUTO_INCREMENT, AUTO_INCREMENT=4;

--
-- AUTO_INCREMENT cho bảng `user`
--
ALTER TABLE `user`
  MODIFY `IDuser` int(11) NOT NULL AUTO_INCREMENT, AUTO_INCREMENT=16;
COMMIT;

/*!40101 SET CHARACTER_SET_CLIENT=@OLD_CHARACTER_SET_CLIENT */;
/*!40101 SET CHARACTER_SET_RESULTS=@OLD_CHARACTER_SET_RESULTS */;
/*!40101 SET COLLATION_CONNECTION=@OLD_COLLATION_CONNECTION */;
